-- phpMyAdmin SQL Dump
-- version 5.2.0
-- https://www.phpmyadmin.net/
--
-- Хост: 127.0.0.1
-- Время создания: Июл 05 2022 г., 18:25
-- Версия сервера: 10.4.24-MariaDB
-- Версия PHP: 7.4.29

SET SQL_MODE = "NO_AUTO_VALUE_ON_ZERO";
START TRANSACTION;
SET time_zone = "+00:00";


/*!40101 SET @OLD_CHARACTER_SET_CLIENT=@@CHARACTER_SET_CLIENT */;
/*!40101 SET @OLD_CHARACTER_SET_RESULTS=@@CHARACTER_SET_RESULTS */;
/*!40101 SET @OLD_COLLATION_CONNECTION=@@COLLATION_CONNECTION */;
/*!40101 SET NAMES utf8mb4 */;

--
-- База данных: `umd_diller`
--

-- --------------------------------------------------------

--
-- Структура таблицы `bank`
--

CREATE TABLE `bank` (
  `id` int(16) NOT NULL,
  `mfo` varchar(255) NOT NULL,
  `name` varchar(255) NOT NULL
) ENGINE=InnoDB DEFAULT CHARSET=utf8;

--
-- Дамп данных таблицы `bank`
--

INSERT INTO `bank` (`id`, `mfo`, `name`) VALUES
(1, '00001', 'ТОШКЕНТ Ш.'),
(2, '00002', 'НУКУС Ш., МАРКАЗИЙ БАНКНИНГ КОРАКАЛПОГИСТОН РЕСПУБЛИКАСИ ХИСОБ-КИТОБ МАРКАЗИ'),
(3, '00003', 'АНДИЖОН Ш., МАРКАЗИЙ БАНКНИНГ АНДИЖОН ВИЛОЯТ ХИСОБ-КИТОБ МАРКАЗИ'),
(4, '00004', 'БУХОРО Ш., МАРКАЗИЙ БАНКНИНГ БУХОРО ВИЛОЯТ ХИСОБ-КИТОБ МАРКАЗИ'),
(5, '00005', 'ЖИЗЗАХ Ш., МАРКАЗИЙ БАНКНИНГ ЖИЗЗАХ ВИЛОЯТ ХИСОБ-КИТОБ МАРКАЗИ'),
(6, '00006', 'КАРШИ Ш., МАРКАЗИЙ БАНКНИНГ КАШКАДАРЁ ВИЛОЯТ ХИСОБ-КИТОБ МАРКАЗИ'),
(7, '00007', 'НАВОИЙ Ш., МАРКАЗИЙ БАНКНИНГ НАВОИЙ ВИЛОЯТ ХИСОБ-КИТОБ МАРКАЗИ'),
(8, '00008', 'НАМАНГАН Ш., МАРКАЗИЙ БАНКНИНГ НАМАНГАН ВИЛОЯТ ХИСОБ-КИТОБ МАРКАЗИ'),
(9, '00009', 'САМАРКАНД Ш., МАРКАЗИЙ БАНКНИНГ САМАРКАНД ВИЛОЯТ ХИСОБ-КИТОБ МАРКАЗИ'),
(10, '00010', 'ГУЛИСТОН Ш., МАРКАЗИЙ БАНКНИНГ СИРДАРЁ ВИЛОЯТ ХИСОБ-КИТОБ МАРКАЗИ'),
(11, '00011', 'ТЕРМИЗ Ш., МАРКАЗИЙ БАНКНИНГ СУРХАНДАРЁ ВИЛОЯТ ХИСОБ-КИТОБ МАРКАЗИ'),
(12, '00012', 'ФАРГОНА Ш., МАРКАЗИЙ БАНКНИНГ ФАРГОНА ВИЛОЯТ ХИСОБ-КИТОБ МАРКАЗИ'),
(13, '00013', 'УРГАНЧ Ш., МАРКАЗИЙ БАНКНИНГ ХОРАЗМ ВИЛОЯТ ХИСОБ-КИТОБ МАРКАЗИ'),
(14, '00014', 'ТОШКЕНТ Ш., МАРКАЗИЙ БАНКНИНГ ТОШКЕНТ ШАХАР ХИСОБ-КИТОБ КАССА МАРКАЗИ'),
(15, '00015', 'НУКУС Ш., МАРКАЗИЙ БАНКНИНГ КОРАКАЛПОГИСТОН РЕСП. ХИСОБ-КИТОБ КАССА МАРКАЗИ'),
(16, '00016', 'АНДИЖОН Ш., МАРКАЗИЙ БАНКНИНГ АНДИЖОН ВИЛОЯТ ХИСОБ-КИТОБ КАССА МАРКАЗИ'),
(17, '00017', 'БУХОРО Ш., МАРКАЗИЙ БАНКНИНГ БУХОРО ВИЛОЯТ ХИСОБ-КИТОБ КАССА МАРКАЗИ'),
(18, '00018', 'ЖИЗЗАХ Ш., МАРКАЗИЙ БАНКНИНГ ЖИЗЗАХ ВИЛОЯТ ХИСОБ-КИТОБ КАССА МАРКАЗИ'),
(19, '00019', 'КАРШИ Ш., МАРКАЗИЙ БАНКНИНГ КАШКАДАРЁ ВИЛОЯТ ХИСОБ-КИТОБ КАССА МАРКАЗИ'),
(20, '00020', 'НАВОИЙ Ш., МАРКАЗИЙ БАНКНИНГ НАВОИЙ ВИЛОЯТ ХИСОБ-КИТОБ КАССА МАРКАЗИ'),
(21, '00021', 'НАМАНГАН Ш., МАРКАЗИЙ БАНКНИНГ НАМАНГАН ВИЛОЯТ ХИСОБ-КИТОБ КАССА МАРКАЗИ'),
(22, '00022', 'САМАРКАНД Ш., МАРКАЗИЙ БАНКНИНГ САМАРКАНД ВИЛОЯТ ХИСОБ-КИТОБ КАССА МАРКАЗИ'),
(23, '00023', 'ГУЛИСТОН Ш., МАРКАЗИЙ БАНКНИНГ СИРДАРЁ ВИЛОЯТ ХИСОБ-КИТОБ КАССА МАРКАЗИ'),
(24, '00024', 'ТЕРМИЗ Ш., МАРКАЗИЙ БАНКНИНГ СУРХАНДАРЁ ВИЛОЯТ ХИСОБ-КИТОБ КАССА МАРКАЗИ'),
(25, '00025', 'ТОШКЕНТ Ш., МАРКАЗИЙ БАНКНИНГ ТОШКЕНТ ВИЛОЯТ ХИСОБ-КИТОБ КАССА МАРКАЗИ'),
(26, '00026', 'ФАРГОНА Ш., МАРКАЗИЙ БАНКНИНГ ФАРГОНА ВИЛОЯТ ХИСОБ-КИТОБ КАССА МАРКАЗИ'),
(27, '00027', 'УРГАНЧ Ш., МАРКАЗИЙ БАНКНИНГ ХОРАЗМ ВИЛОЯТ ХИСОБ-КИТОБ КАССА МАРКАЗИ'),
(28, '00028', 'Г.ТАШКЕHТ,УМГР ЦБ РЕСПУБЛИКИ УЗБЕКИСТАH                                      ЦРБ'),
(29, '00029', 'КУРГОНТЕПА Т., АТ \"ПАХТАБАНК\"НИНГ КОРАСУВ ФИЛИАЛИ'),
(30, '00030', 'Г.КАРАСУ,КАРАСУЙСКОЕ ОТД.\"УЗСАВДОГАРБАHКА\"                                   СГБ'),
(31, '00031', 'ПАХТАОБОД Т., АТ \"ПАХТАБАНК\"НИНГ ПАХТАОБОД ФИЛИАЛИ'),
(32, '00032', 'ПАХТАОБОД Т., \"МИКРОКРЕДИТБАНК\" АТБ ПАХТАОБОД ФИЛИАЛИ'),
(33, '00033', 'АСАКА Ш., АТ \"ПАХТАБАНК\"НИНГ АСАКА ФИЛИАЛИ'),
(34, '00034', 'АСАКА Ш., \"МИКРОКРЕДИТБАНК\" АТБ АСАКА ФИЛИАЛИ'),
(35, '00035', 'МАРХАМАТ Т., АТ \"ПАХТАБАНК\"НИНГ МАРХАМАТ ФИЛИАЛИ'),
(36, '00036', 'Г.МАРХАМАТ,МАРХАМАТСКОЕ ОТД.\"ТАДБИРКОРБАНК\"                                  ТКБ'),
(37, '00037', 'ШАХРИХОН Т., АТ \"ПАХТАБАНК\"НИНГ ШАХРИХОН ФИЛИАЛИ'),
(38, '00038', 'ШАХРИХОН Т., \"МИКРОКРЕДИТБАНК\" АТБ ШАХРИХОН ФИЛИАЛИ'),
(39, '00039', 'ШАХРИХОН Т., \"ХАМКОРБАНК\" АТ БАНКИНИНГ ШАХРИХОН ФИЛИАЛИ'),
(40, '00040', 'ЖАЛОЛКУДУК Т., АТ \"ПАХТАБАНК\"НИНГ ОХУНБОБОЕВ ФИЛИАЛИ'),
(41, '00041', 'ЖАЛОЛКУДУК Т., \"МИКРОКРЕДИТБАНК\" АТБ ОХУНБОБОЕВ ФИЛИАЛИ'),
(42, '00042', 'XУЖАОБОД Т., АТ \"ПАХТАБАНК\"НИНГ XУЖАОБОД ФИЛИАЛИ'),
(43, '00043', 'Г.ХОДЖААБАД,ХОДЖААБАДСКОЕ ОТД.\"ТАДБИРКОРБАНК\"                                ТКБ'),
(44, '00044', 'Г.ХОДЖААБАД, ХОДЖААБАДСКОЕ ОТД.БАНКА \"САВДОГАР\"                              СГБ'),
(45, '00045', 'ИЗБОСКАН Т., АТ \"ПАХТАБАНК\"НИНГ ПОЙТУГ ФИЛИАЛИ'),
(46, '00046', 'Г.ПАЙТУГ,ПАЙТУГСКОЕ ОТД.\"ТАДБИРКОРБАНК\"                                      ТКБ'),
(47, '00047', 'БАЛИКЧИ Т., АТ \"ПАХТАБАНК\"НИНГ ЧИНОБОД ФИЛИАЛИ'),
(48, '00048', 'Г.ЧИHАБАД,ЧИHАБАДСКОЕ ОТД.\"ТАДБИРКОРБАНК\"                                    ТКБ'),
(49, '00049', 'ОЛТИНКУЛ Т., АТ \"ПАХТАБАНК\"НИНГ ОЛТИНКУЛ ФИЛИАЛИ'),
(50, '00050', 'ОЛТИНКУЛ Т., \"МИКРОКРЕДИТБАНК\" АТБ ОЛТИНКУЛ ФИЛИАЛИ'),
(51, '00051', 'ХОНОБОД Ш., АТ САНОАТ-КУРИЛИШ БАНКИНИНГ XОНОБОД ФИЛИАЛИ'),
(52, '00052', 'Г.ХАHАБАД,ХАHАБАДСКОЕ ОТД.\"ТАДБИРКОРБАHКА\"                                   ТКБ'),
(53, '00053', 'БУЗ Т., АТ \"ПАХТАБАНК\"НИНГ БУЗ ФИЛИАЛИ'),
(54, '00054', 'ПГТ.БОЗ,БОЗСКОЕ ОТД.\"ТАДБИРКОРБАНК\"                                          ТКБ'),
(55, '00055', 'УЛУГНОР Т., АТ \"ПАХТАБАНК\"НИНГ ОКОЛТИН ФИЛИАЛИ'),
(56, '00056', 'КУРГОНТЕПА Т., АТ \"ПАХТАБАНК\"НИНГ КУРГОНТЕПА ФИЛИАЛИ'),
(57, '00057', 'Г.КУРГАHТЕПА,КУРГАHТЕПИHСКОЕ ОТД.\"ТАДБИРКОРБАНК\"                             ТКБ'),
(58, '00058', 'КУРГОНТЕПА Т., \"ГАЛЛАБАНК\" РАТ БАНКИНИНГ КУРГОНТЕПА БУЛИМИ'),
(59, '00059', 'АНДИЖОН Ш., \"ИПОТЕКА-БАНК\" АТИБ АНДИЖОН ВИЛОЯТ ФИЛИАЛИ'),
(60, '00060', 'Г.АHДИЖАH,\"ТУРОHБАHК\"                                                        ТУБ'),
(61, '00061', 'Г.АHДИЖАH,\"УЗЛЕГКОМБАHК\"                                                     ЛКБ'),
(62, '00062', 'АНДИЖОН Т., АТ \"ПАХТАБАНК\"НИНГ КУЙГАНЁР ФИЛИАЛИ'),
(63, '00063', 'АНДИЖОН Т., \"МИКРОКРЕДИТБАНК\" АТБ КУЙГАН-ЁР ФИЛИАЛИ'),
(64, '00064', 'БУЛОКБОШИ Т., АТ \"ПАХТАБАНК\"НИНГ БУЛОКБОШИ ФИЛИАЛИ'),
(65, '00065', 'ПГТ.БУЛАК-БАШИ,БУЛАК-БАШИHСКОЕ ОТД.\"ТАДБИРКОРБАНК\"                           ТКБ'),
(66, '00066', 'БАЛИКЧИ Т., АТ \"ПАХТАБАНК\"НИНГ БАЛИКЧИ ФИЛИАЛИ'),
(67, '00067', 'БАЛИКЧИ Т., \"МИКРОКРЕДИТБАНК\" АТБ БАЛИКЧИ ФИЛИАЛИ'),
(68, '00068', 'АНДИЖОН Ш., \"ИПОТЕКА-БАНК\" АТИБ \"ИСТИКЛОЛ\" ФИЛИАЛИ'),
(69, '00069', 'АНДИЖОН Ш., \"АСАКА\" ДАТ БАНКИНИНГ АНДИЖОН ВИЛОЯТ ФИЛИАЛИ'),
(70, '00070', 'АСАКА Ш., \"ХАМКОРБАНК\" АТ БАНКИНИНГ АСАКА ФИЛИАЛИ'),
(71, '00071', 'КУРГОНТЕПА Т., \"ХАМКОРБАНК\" АТ БАНКИНИНГ КУРГОНТЕПА ФИЛИАЛИ'),
(72, '00072', 'ХУЖАОБОД Т., \"ХАМКОРБАНК\" АТ БАНКИНИНГ XУЖАОБОД ФИЛИАЛИ'),
(73, '00073', 'АСАКА Ш., \"АСАКА\" ДАТ БАНКИНИНГ АСАКА ФИЛИАЛИ'),
(74, '00074', 'АНДИЖОН Ш., ТИФ МИЛЛИЙ БАНКИНИНГ АНДИЖОН БУЛИМИ'),
(75, '00075', 'АНДИЖОН Ш., АТ САНОАТ-КУРИЛИШ БАНКИНИНГ АНДИЖОН МИНТАКАВИЙ ФИЛИАЛИ'),
(76, '00076', 'АНДИЖОН Ш., АТ САНОАТ-КУРИЛИШ БАНКИНИНГ БУНЁДКОР ФИЛИАЛИ'),
(77, '00077', 'АНДИЖОН Ш., АТ \"ПАХТАБАНК\"НИНГ АНДИЖОН ВИЛОЯТ ХУДУДИЙ ФИЛИАЛИ'),
(78, '00078', 'АНДИЖОН Ш., \"МИКРОКРЕДИТБАНК\" АТБ АНДИЖОН ВИЛОЯТИ ФИЛИАЛИ'),
(79, '00079', 'АНДИЖОН Ш., \"ХАМКОРБАНК\" АТ БАНКИНИНГ НОДИРАБЕГИМ ФИЛИАЛИ'),
(80, '00080', 'Г.АHДИЖАH,АКЦ.КОМ.ОТД.\"УЗМЕВАСАБЗАВОТБАHКА\"                                  МСБ'),
(81, '00081', 'АНДИЖОН Ш., \"САВДОГАР\" АТ БАНКИНИНГ АНДИЖОН ВИЛОЯТ БУЛИМИ'),
(82, '00082', 'АНДИЖОН Ш., \"ГАЛЛАБАНК\" РАТ БАНКИНИНГ АНДИЖОН ВИЛОЯТ БУЛИМИ'),
(83, '00083', 'АНДИЖОН Ш., \"ХАМКОРБАНК\" АТ БАНКИНИНГ БОШ ОФФИСИ'),
(84, '00084', 'БУХОРО Ш., ТИФ МИЛЛИЙ БАНКИНИНГ БУХОРО БУЛИМИ'),
(85, '00085', 'КОРОВУЛБОЗОР Т., АТ САНОАТ-КУРИЛИШ БАНКИНИНГ КОРОВУЛБОЗОР ФИЛИАЛИ'),
(86, '00086', 'БУХОРО Ш., АТ САНОАТ-КУРИЛИШ БАНКИНИНГ БУХОРО МИНТАКАВИЙ ФИЛИАЛИ'),
(87, '00087', 'КОГОН Ш., АТ САНОАТ-КУРИЛИШ БАНКИНИНГ КОГОН ФИЛИАЛИ'),
(88, '00088', 'БУХОРО Ш., \"ИПОТЕКА-БАНК\" АТИБ БУХОРО ВИЛОЯТ ФИЛИАЛИ'),
(89, '00089', 'БУХОРО Ш., АТ \"ПАХТАБАНК\"НИНГ БУХОРО ВИЛОЯТ ХУДУДИЙ ФИЛИАЛИ'),
(90, '00090', 'ОЛОТ Т., АТ \"ПАХТАБАНК\"НИНГ ОЛОТ ФИЛИАЛИ'),
(91, '00091', 'ВОБКЕНТ Т.,  АТ \"ПАХТАБАНК\"НИНГ ВОБКЕНТ ФИЛИАЛИ'),
(92, '00092', 'ГИЖДУВОН Т., АТ \"Агробанк\"НИНГ ГИЖДУВОН ФИЛИАЛИ'),
(93, '00093', 'ШОФИРКОН Т., АТ \"ПАХТАБАНК\"НИНГ ШОФИРКОН ФИЛИАЛИ'),
(94, '00094', 'КОРАКУЛ Т., АТ \"ПАХТАБАНК\"НИНГ КОРАКУЛ ФИЛИАЛИ'),
(95, '00095', 'РОМИТОН Т., АТ \"ПАХТАБАНК\"НИНГ РОМИТОН ФИЛИАЛИ'),
(96, '00096', 'ЖОНДОР Т., АТ \"ПАХТАБАНК\"НИНГ ЖОНДОР ФИЛИАЛИ'),
(97, '00097', 'БУХОРО Т., АТ \"ПАХТАБАНК\"НИНГ ГАЛАОСИЁ ФИЛИАЛИ'),
(98, '00098', 'ПЕШКУН Т., АТ \"ПАХТАБАНК\"НИНГ ЯНГИБОЗОР ФИЛИАЛИ'),
(99, '00099', 'КОРОВУЛБОЗОР Т., АТ \"ПАХТАБАНК\"НИНГ КОРОВУЛБОЗОР ФИЛИАЛИ'),
(100, '00100', 'ПЕШКУ Т., \"МИКРОКРЕДИТБАНК\" АТБ ЯНГИБОЗОР ФИЛИАЛИ'),
(101, '00101', 'ШОФИРКОН Т., \"МИКРОКРЕДИТБАНК\" АТБ ШОФИРКОН ФИЛИАЛИ'),
(102, '00102', 'Г.АЛАТ,АК \"ТАДБИКОРБАHК\"                                                     ТКБ'),
(103, '00103', 'Г.ВАБКЕHТ,АК \"ТАДБИКОРБАHК\"                                                  ТКБ'),
(104, '00104', 'ГИЖДУВОН Т., \"МИКРОКРЕДИТБАНК\" АТБ ГИЖДУВОН ФИЛИАЛИ'),
(105, '00105', 'Г.ГАЛА-АСИЯ,АК \"ТАДБИКОРБАHК\"                                                ТКБ'),
(106, '00106', 'КОГОН Ш., \"МИКРОКРЕДИТБАНК\" АТБ КОГОН ФИЛИАЛИ'),
(107, '00107', 'Г.КАРАКУЛЬ,АК \"ТАДБИКОРБАHК\"                                                 ТКБ'),
(108, '00108', 'ЖОНДОР Т., \"МИКРОКРЕДИТБАНК\" АТБ ЖОНДОР ФИЛИАЛИ'),
(109, '00109', 'БУХОРО Ш., \"МИКРОКРЕДИТБАНК\" АТБ БУХОРО ВИЛОЯТИ ФИЛИАЛИ'),
(110, '00110', 'РОМИТОН Т., \"МИКРОКРЕДИТБАНК\" АТБ РОМИТОН ФИЛИАЛИ'),
(111, '00111', 'БУХОРО Ш., \"ТУРОН\" АТ БАНКИНИНГ БУХОРО ФИЛИАЛИ'),
(112, '00112', 'БУХОРО Ш., \"САВДОГАР\" АТ БАНКИНИНГ БУХОРО ВИЛОЯТ БУЛИМИ'),
(113, '00113', 'Г.ГИЖДУВАH,ГИЖДУВАHСКОЕ ОТД.АТ\"УЗСАВДОГАРБАHКА\"                               СГБ'),
(114, '00114', 'КОРАКУЛ Т., \"САВДОГАР\" АТ БАНКИНИНГ КОРАКУЛ БУЛИМИ'),
(115, '00115', 'БУХОРО Ш., \"ГАЛЛАБАНК\" РАТ БАНКИНИНГ БУХОРО ВИЛОЯТ БУЛИМИ'),
(116, '00116', 'БУХОРО Ш., ДТ ХАЛК БАНКИНИНГ БУХОРО ВИЛОЯТ ФИЛИАЛИ'),
(117, '00117', 'Г.БУХАРА,ТЕКСТИЛЬНОЕ ОТД. N 909 НАРОДНОГО БАНКА                              ХЛБ'),
(118, '00118', 'БУХОРО Ш., ДТ ХАЛК БАНКИНИНГ Ф.XУЖАЕВ ФИЛИАЛИ'),
(119, '00119', 'БУХОРО Ш., \"ИПОТЕКА-БАНК\" АТИБ \"САРДОР\" ФИЛИАЛИ'),
(120, '00120', 'БУХОРО Ш., \"АСАКА\" ДАТ БАНКИНИНГ БУХОРО ВИЛОЯТ ФИЛИАЛИ'),
(121, '00121', 'ЖИЗЗАХ Ш., ТИФ МИЛЛИЙ БАНКИНИНГ ЖИЗЗАХ БУЛИМИ'),
(122, '00122', 'ЖИЗЗАХ Ш., \"ИПОТЕКА-БАНК\" АТИБ ЖИЗЗАХ ВИЛОЯТ ФИЛИАЛИ'),
(123, '00123', 'ЖИЗЗАХ Т., АТ \"ПАХТАБАНК\"НИНГ УЧТЕПА ФИЛИАЛИ'),
(124, '00124', 'АРНАСОЙ Т., АТ \"ПАХТАБАНК\"НИНГ АРНАСОЙ ФИЛИАЛИ'),
(125, '00125', 'ЗАРБДОР Т., АТ \"ПАХТАБАНК\"НИНГ ЗАРБДОР ФИЛИАЛИ'),
(126, '00126', 'ЖИЗЗАХ Ш., АТ \"ПАХТАБАНК\"НИНГ ЖИЗЗАХ ВИЛОЯТ ХУДУДИЙ ФИЛИАЛИ'),
(127, '00127', 'ПАХТАКОР Т., АТ \"ПАХТАБАНК\"НИНГ ПАХТАКОР ФИЛИАЛИ'),
(128, '00128', 'ГАЛЛАОРОЛ Т., \"САВДОГАР\" АТ БАНКИНИНГ ГАЛЛАОРОЛ ФИЛИАЛИ'),
(129, '00129', 'ДУСТЛИК Т., АТ \"ПАХТАБАНК\"НИНГ ДУСТЛИК ФИЛИАЛИ'),
(130, '00130', 'МИРЗАЧУЛ Т., АТ \"ПАХТАБАНК\"НИНГ МИРЗАЧУЛ ФИЛИАЛИ'),
(131, '00131', 'ЗОМИН Т., АТ \"ПАХТАБАНК\"НИНГ ЗОМИН ФИЛИАЛИ'),
(132, '00132', 'БАХМАЛ Т., \"САВДОГАР\" АТ БАНКИНИНГ УСМАТ ФИЛИАЛИ'),
(133, '00133', 'ФОРИШ Т., АТ \"ПАХТАБАНК\"НИНГ ЯНГИКИШЛОК ФИЛИАЛИ'),
(134, '00134', 'ЗАФАРОБОД Т., АТ \"ПАХТАБАНК\"НИНГ ЗАФАРОБОД ФИЛИАЛИ'),
(135, '00135', 'ЖИЗЗАХ Ш., \"МИКРОКРЕДИТБАНК\" АТБ ЖИЗЗАХ ВИЛОЯТИ ФИЛИАЛИ'),
(136, '00136', 'Г.ДЖИЗАК,\"УЗМЕВАСАБЗАВОТБАHК\"                                                МСБ'),
(137, '00137', 'Г.ДЖИЗАК, ДЗИЗАКСКОЕ ОТД. БАНКА \"САВДОГАР\"                                   СГБ'),
(138, '00138', 'ДУСТЛИК Т., \"САВДОГАР\" АТ БАНКИНИНГ ДУСТЛИК БУЛИМИ'),
(139, '00139', 'ЖИЗЗАХ Ш., \"ГАЛЛАБАНК\" РАТ БАНКИНИНГ ЖИЗЗАХ ВИЛОЯТ БУЛИМИ'),
(140, '00140', 'ЖИЗЗАХ Ш., \"АСАКА\" ДАТ БАНКИНИНГ ЖИЗЗАХ ВИЛОЯТ ФИЛИАЛИ'),
(141, '00141', 'Г.ПАХТАКОР,ПАХТАКОРСКОЕ ОТД.\"ТАДБИРКОРБАНК\"                                  ТКБ'),
(142, '00142', 'ГАЛЛАОРОЛ Т., \"МИКРОКРЕДИТБАНК\" АТБ ГАЛЛАОРОЛ ФИЛИАЛИ'),
(143, '00143', 'Г.ДУСТЛИК,ДУСТЛИКСКОЕ ОТД.\"ТАДБИРКОРБАНК\"                                    ТКБ'),
(144, '00144', 'МИРЗАЧУЛ Т., \"МИКРОКРЕДИТБАНК\" АТБ МИРЗАЧУЛ ФИЛИАЛИ'),
(145, '00145', 'ЗОМИН Т., \"МИКРОКРЕДИТБАНК\" АТБ ЗОМИН ФИЛИАЛИ'),
(146, '00146', 'ПГТ.ЯHГИКИШЛАК,ФАРИШСКОЕ ОТД.\"ТАДБИРКОРБАНК\"                                 ТКБ'),
(147, '00147', 'Р-H.ДЖИЗАКСКИЙ,ДЖИЗАКСКОЕ ОТД.\"ТАДБИРКОРБАНК\"                                ТКБ'),
(148, '00148', 'К.ИМ.Ю.ФУЧИКА,ИМ.Ю.ФУЧЕКА ОТД. \"ТАДБИРКОРБАНК\"                               ТКБ'),
(149, '00149', 'ЗАРБДОР Т., \"МИКРОКРЕДИТБАНК\" АТБ ЗАРБДОР ФИЛИАЛИ'),
(150, '00150', 'КАРШИ Ш., ТИФ МИЛЛИЙ БАНКИНИНГ КАРШИ БУЛИМИ'),
(151, '00151', 'КАРШИ Ш., АТ \"ПАХТАБАНК\"НИНГ КАШКАДАРЁ ВИЛОЯТ ХУДУДИЙ ФИЛИАЛИ'),
(152, '00152', 'КАРШИ Ш., \"МИКРОКРЕДИТБАНК\" АТБ КАШКАДАРЁ ВИЛОЯТИ ФИЛИАЛИ'),
(153, '00153', 'Г.КАРШИ,\"УЗМЕВАСАБЗАВОТБАHК\"                                                 МСБ'),
(154, '00154', 'КАРШИ Ш., \"САВДОГАР\" АТ БАНКИНИНГ КАШКАДАРЁ ВИЛОЯТ БУЛИМИ'),
(155, '00155', 'КАРШИ Ш., \"ГАЛЛАБАНК\" РАТ БАНКИНИНГ КАШКАДАРЁ ВИЛОЯТ БУЛИМИ'),
(156, '00156', 'ЧИРОКЧИ Т., \"ГАЛЛАБАНК\" РАТ БАНКИНИНГ КУКДАЛА ФИЛИАЛИ'),
(157, '00157', 'ГУЗОР Т., АТ \"ПАХТАБАНК\"НИНГ ГУЗОР ФИЛИАЛИ'),
(158, '00158', 'ДЕХКОНОБОД Т., АТ \"ПАХТАБАНК\"НИНГ ДЕХКОНОБОД ФИЛИАЛИ'),
(159, '00159', 'П.КАРАШИHА,ДЕХКАHАБАДСКОЕ ОТД.\"ТАДБИРКОРБАНК\"                                ТКБ'),
(160, '00160', 'КАМАШИ Т., АТ \"ПАХТАБАНК\"НИНГ КАМАШИ ФИЛИАЛИ'),
(161, '00161', 'КАМАШИ Т., \"МИКРОКРЕДИТБАНК\" АТБ КАМАШИ ФИЛИАЛИ'),
(162, '00162', 'КОСОН Т., АТ \"ПАХТАБАНК\"НИНГ КОСОН ФИЛИАЛИ'),
(163, '00163', 'КОСОН Т., \"МИКРОКРЕДИТБАНК\" АТБ КОСОН ФИЛИАЛИ'),
(164, '00164', 'Г.КАСАH, КАСАHСКОЕ РАЙОHHОЕ ОТД. БАНКА \"САВДОГАР\"                            СГБ'),
(165, '00165', 'ШАХРИСАБЗ Т., \"ИПОТЕКА-БАНК\" АТИБ ШАХРИСАБЗ ФИЛИАЛИ'),
(166, '00166', 'ШАХРИСАБЗ Т., АТ \"ПАХТАБАНК\"НИНГ ШАХРИСАБЗ ФИЛИАЛИ'),
(167, '00167', 'ШАХРИСАБЗ Т., \"МИКРОКРЕДИТБАНК\" АТБ ШАХРИСАБЗ ФИЛИАЛИ'),
(168, '00168', 'ШАХРИСАБЗ Т., \"САВДОГАР\" АТ БАНКИНИНГ ШАХРИСАБЗ БУЛИМИ'),
(169, '00169', 'ЯККАБОГ Т., АТ \"ПАХТАБАНК\"НИНГ ЯККАБОГ ФИЛИАЛИ'),
(170, '00170', 'СТ.ЯККАБАГ,ЯККАБАГСКОЕ ОТД.\"ТАДБИРКОРБАНК\"                                   ТКБ'),
(171, '00171', 'ЯККАБОГ Т., \"ГАЛЛАБАНК\" РАТ БАНКИНИНГ ЯККАБОГ БУЛИМИ'),
(172, '00172', 'КАРШИ Т., АТ \"ПАХТАБАНК\"НИНГ БЕШКЕНТ ФИЛИАЛИ'),
(173, '00173', 'КАРШИ Т., \"МИКРОКРЕДИТБАНК\" АТБ БЕШКЕНТ ФИЛИАЛИ'),
(174, '00174', 'ЧИРОКЧИ Т., АТ \"ПАХТАБАHК\"НИНГ ЧИРОКЧИ ФИЛИАЛИ'),
(175, '00175', 'ЧИРОКЧИ Т., \"МИКРОКРЕДИТБАНК\" АТБ ЧИРОКЧИ ФИЛИАЛИ'),
(176, '00176', 'КИТОБ Т., АТ \"ПАХТАБАНК\"НИНГ КИТОБ ФИЛИАЛИ'),
(177, '00177', 'КИТОБ Т., \"МИКРОКРЕДИТБАНК\" АТБ КИТОБ ФИЛИАЛИ'),
(178, '00178', 'КИТОБ Т., \"САВДОГАР\" АТ БАНКИНИНГ КИТОБ БУЛИМИ'),
(179, '00179', 'КАСБИ Т., АТ \"ПАХТАБАНК\"НИНГ МУГЛОН ФИЛИАЛИ'),
(180, '00180', 'П.МУГЛОH, МУГЛОНСКОЕ ОТД.\"ТАДБИРКОРБАНК\"                                     ТКБ'),
(181, '00181', 'НИШОН Т., АТ \"ПАХТАБАНК\"НИНГ ЯНГИНИШОН ФИЛИАЛИ'),
(182, '00182', 'НИШОН Т., \"МИКРОКРЕДИТБАНК\" АТБ ЯНГИ НИШОН ФИЛИАЛИ'),
(183, '00183', 'КАРШИ Ш., АТ \"ПАХТАБАНК\"НИНГ БАТОШ ФИЛИАЛИ'),
(184, '00184', 'МИРИШКОР Т., АТ \"ПАХТАБАНК\"НИНГ ЯНГИМИРИШКОР ФИЛИАЛИ'),
(185, '00185', 'К.ЯHГИ-МИРИШКОР,ЯHГИ-МИРИШКОРСКОЕ ОТД.\"ТАДБИРКОРБАНК\"                        ТКБ'),
(186, '00186', 'МУБОРАК Т., АТ САНОАТ-КУРИЛИШ БАНКИНИНГ МУБОРАК ФИЛИАЛИ'),
(187, '00187', 'МУБОРАК Т., АТ \"ПАХТАБАНК\"НИНГ МУБОРАК ФИЛИАЛИ'),
(188, '00188', 'МУБОРАК Т., \"МИКРОКРЕДИТБАНК\" АТБ МУБОРАК ФИЛИАЛИ'),
(189, '00189', 'МИРИШКОР Т., АТ \"ПАХТАБАНК\"НИНГ ПОМУГ ФИЛИАЛИ'),
(190, '00190', 'КАРШИ Ш., \"ИПОТЕКА-БАНК\" АТИБ КАШКАДАРЁ ВИЛОЯТ ФИЛИАЛИ'),
(191, '00191', 'ШАХРИСАБЗ Т., ТИФ МИЛЛИЙ БАНКИНИНГ ШАХРИСАБЗ БУЛИМИ'),
(192, '00192', 'КАРШИ Ш., \"ТУРОН\" АТ БАНКИНИНГ КАРШИ ФИЛИАЛИ'),
(193, '00193', 'КАРШИ Ш., \"ИПОТЕКА-БАНК\" АТИБ \"НАКШАБ\" ФИЛИАЛИ'),
(194, '00194', 'КАРШИ Ш., \"АСАКА\" ДАТ БАНКИНИНГ КАШКАДАРЁ ВИЛОЯТ ФИЛИАЛИ'),
(195, '00195', 'К.КАРАШИHА, ДЕХКОHОБАДСКОЕ ОТД. БАНКА \"САВДОГАР\"                             СГБ'),
(196, '00196', 'НАВОИЙ Ш., ТИФ МИЛЛИЙ БАНКИНИНГ НАВОИ БУЛИМИ'),
(197, '00197', 'НАВОИЙ Ш., АТ \"АГРОБАНК\"НИНГ НАВОИЙ ВИЛОЯТ ХУДУДИЙ ФИЛИАЛИ'),
(198, '00198', 'НАВОИЙ Ш., \"МИКРОКРЕДИТБАНК\" АТБ НАВОИЙ ВИЛОЯТИ ФИЛИАЛИ'),
(199, '00199', 'НАВОИЙ Ш., \"ИПАК ЙУЛИ\" АИТ БАНКИНИНГ НАВОИЙ ФИЛИАЛИ'),
(200, '00200', 'НАВОИЙ Ш., \"ТУРОН\" АТ БАНКИНИНГ НАВОИЙ ШАХАР БУЛИМИ'),
(201, '00201', 'НАВОИЙ Ш., \"САВДОГАР\" АТ БАНКИНИНГ НАВОИЙ ВИЛОЯТ БУЛИМИ'),
(202, '00202', 'НАВОИЙ Ш., \"КИШЛОК КУРИЛИШ БАНК\" РАТ БАНКИНИНГ НАВОИЙ ВИЛОЯТ БУЛИМИ'),
(203, '00203', 'ЗАРАФШОН Ш., \"ИПОТЕКА-БАНК\" АТИБ ЗАРАФШОН ФИЛИАЛИ'),
(204, '00204', 'ЗАРАФШОН Ш., ТИФ МИЛЛИЙ БАНКИНИНГ ЗАРАФШОН ФИЛИАЛИ'),
(205, '00205', 'НАВОИЙ Ш., \"ИПОТЕКА-БАНК\" АТИБ НАВОИЙ ВИЛОЯТ ФИЛИАЛИ'),
(206, '00206', 'НАВОИЙ Ш., \"АСАКА\" ДАТ БАНКИНИНГ НАВОИЙ ВИЛОЯТ ФИЛИАЛИ'),
(207, '00207', 'НАВОИЙ Ш., АТ САНОАТ-КУРИЛИШ БАНКИНИНГ НАВОИЙ МИНТАКАВИЙ ФИЛИАЛИ'),
(208, '00208', 'УЧКУДУК Т., АТ САНОАТ-КУРИЛИШ БАНКИНИНГ УЧКУДУК ФИЛИАЛИ'),
(209, '00209', 'КОНИМЕХ Т., АТ \"АГРОБАНК\"НИНГ КОНИМЕХ ФИЛИАЛИ'),
(210, '00210', 'КАРМАНА Т., АТ \"АГРО БАНК\"НИНГ КАРМАНА ФИЛИАЛИ'),
(211, '00211', 'КАРМАНА Т., \"МИКРОКРЕДИТБАНК\" АТБ КАРМАНА ФИЛИАЛИ'),
(212, '00212', 'КИЗИЛТЕПА Т., АТ \"ПАХТАБАНК\"НИНГ КИЗИЛТЕПА ФИЛИАЛИ'),
(213, '00213', 'КИЗИЛТЕПА Т., \"МИКРОКРЕДИТБАНК\" АТБ КИЗИЛТЕПА ФИЛИАЛИ'),
(214, '00214', 'НУРОТА Т., АТ \"ПАХТАБАНК\"НИНГ НУРОТА ФИЛИАЛИ'),
(215, '00215', 'Г.HУРАТА,HУРАТИHСКОЕ ОТД. \"ТАДБИРКОРБАНК\"                                    ТКБ'),
(216, '00216', 'TОМДИ Т., АТ \"ПАХТАБАНК\"НИНГ TОМДИБУЛОК ФИЛИАЛИ'),
(217, '00217', 'НАВБАХОР Т., АТ \"ПАХТАБАНК\"НИНГ КЕСКАНТЕРАК ФИЛИАЛИ'),
(218, '00218', 'Р-H.HАВБАХОРСКИЙ,HАВБАХОРСКОЕ ОТД.\"ТАДБИРКОРБАНК\"                            ТКБ'),
(219, '00219', 'ХАТИРЧИ Т., АТ \"АГРОБАНК\"НИНГ ЯНГИРАБОТ ФИЛИАЛИ'),
(220, '00220', 'П.ЯHГИРАБАД,ХАТЫРЧИHСКОЕ ОТД.\"ТАДБИРКОРБАНК\"                                 ТКБ'),
(221, '00221', 'К.ЯHГИРАБАД,АКЦ.КОМ.\"УЗСАВДОГАРБАHК\" HАВОИЙСКОЙ ОБЛ.                         СГБ'),
(222, '00222', 'НАМАНГАН Ш., ТИФ МИЛЛИЙ БАНКИНИНГ НАМАНГАН БУЛИМИ'),
(223, '00223', 'НАМАНГАН Ш., \"ИПОТЕКА-БАНК\" АТИБ НАМАНГАН ВИЛОЯТ ФИЛИАЛИ'),
(224, '00224', 'НАМАНГАН Ш., АТ САНОАТ-КУРИЛИШ БАНКИНИНГ НАМАНГАН МИНТАКАВИЙ ФИЛИАЛИ'),
(225, '00225', 'НАМАНГАН Ш., АТ \"ПАХТАБАНК\"НИНГ НАМАНГАН ВИЛОЯТ ХУДУДИЙ ФИЛИАЛИ'),
(226, '00226', 'НАМАНГАН Ш., \"ТУРОН\" АТ БАНКИНИНГ НАМАНГАН ФИЛИАЛИ'),
(227, '00227', 'НАМАНГАН Ш., \"САВДОГАР\" АТ БАНКИНИНГ НАМАНГАН ВИЛОЯТ ФИЛИАЛИ'),
(228, '00228', 'НАМАНГАН Ш., \"САВДОГАР\" АТ БАНКИНИНГ НАМАНГАН ВИЛОЯТ БУЛИМИ'),
(229, '00229', 'НАМАНГАН Ш., \"ГАЛЛАБАНК\" РАТ БАНКИНИНГ НАМАНГАН ВИЛОЯТ БУЛИМИ'),
(230, '00230', 'НАМАНГАН Ш., \"ЗАМИН\" ДАИ БАНКИНИНГ НАМАНГАН ХУДУДИЙ БУЛИМИ'),
(231, '00231', 'НАМАНГАН Ш., \"АСАКА\" ДАТ БАНКИНИНГ НАМАНГАН ВИЛОЯТ ФИЛИАЛИ'),
(232, '00232', 'МИНГБУЛОК Т., АТ \"ПАХТАБАНК\"НИНГ ЖУМАШУЙ ФИЛИАЛИ'),
(233, '00233', 'МИНГБУЛОК Т., \"МИКРОКРЕДИТБАНК\" АТБ ЖУМАШУЙ ФИЛИАЛИ'),
(234, '00234', 'КОСОНСОЙ Т., АТ \"ПАХТАБАНК\"НИНГ КОСОНСОЙ ФИЛИАЛИ'),
(235, '00235', 'КОСОНСОЙ Т., \"ТАДБИРКОР\" АТ БАНКИНИНГ КОСОНСОЙ БУЛИМИ'),
(236, '00236', 'НОРИН Т., АТ \"ПАХТАБАНК\"НИНГ XАККУЛОБОД ФИЛИАЛИ'),
(237, '00237', 'Р-H.HАРИHСКИЙ,ХАККУЛАБАД ХАККУЛАБАДСКОЕ ОТД.\"ТАДБИРКОРБАНК\"                  ТКБ'),
(238, '00238', 'ПОП Т., АТ \"ПАХТАБАНК\"НИНГ ПОП ФИЛИАЛИ'),
(239, '00239', 'ПОП Т., \"МИКРОКРЕДИТБАНК\" АТБ ПОП ФИЛИАЛИ'),
(240, '00240', 'ПОП Т., \"ГАЛЛАБАНК\" РАТ БАНКИНИНГ ПОП ФИЛИАЛИ'),
(241, '00241', 'TУРАКУРГОН Т., АТ \"ПАХТАБАНК\"НИНГ TУРАКУРГОН ФИЛИАЛИ'),
(242, '00242', 'Г.ТУРАКУРГАH,ТУРАКУРГАHСКОЕ ОТД.\"ТАДБИРКОРБАНК\"                              ТКБ'),
(243, '00243', 'Г.ТУРАКУРГАH, ОТД. БАНКА \"САВДОГАР\"                                          СГБ'),
(244, '00244', 'УЙЧИ Т., АТ \"ПАХТАБАНК\"НИНГ УЙЧИ ФИЛИАЛИ'),
(245, '00245', 'П.УЙЧИ,УЙЧИHСКОЕ ОТД.\"ТАДБИРКОРБАНК\"                                         ТКБ'),
(246, '00246', 'УЧКУРГОН Т., АТ \"ПАХТАБАНК\"НИНГ УЧКУРГОН ФИЛИАЛИ'),
(247, '00247', 'Г.УЧКУРГАH,УЧКУРГАHCКОЕ ОТД.\"ТАДБИРКОРБАНК\"                                  ТКБ'),
(248, '00248', 'УЧКУРГОН Т., \"ГАЛЛАБАНК\" РАТ БАНКИНИНГ УЧКУРГОН ФИЛИАЛИ'),
(249, '00249', 'ЧУСТ Т., АТ \"ПАХТАБАНК\"НИНГ ЧУСТ ФИЛИАЛИ'),
(250, '00250', 'ЧУСТ Т., \"МИКРОКРЕДИТБАНК\" АТБ ЧУСТ ФИЛИАЛИ'),
(251, '00251', 'ЯНГИКУРГОН Т., АТ \"ПАХТАБАНК\"НИНГ ЯНГИКУРГОН ФИЛИАЛИ'),
(252, '00252', 'ЯНГИКУРГОН Т., \"МИКРОКРЕДИТБАНК\" АТБ ЯНГИКУРГОН ФИЛИАЛИ'),
(253, '00253', 'НАМАНГАН Т., АТ \"ПАХТАБАНК\"НИНГ TОШБУЛОК ФИЛИАЛИ'),
(254, '00254', 'НАМАНГАН Т., \"МИКРОКРЕДИТБАНК\" АТБ TОШБУЛОК ФИЛИАЛИ'),
(255, '00255', 'К.ТАШБУЛАК,HАМАHГАHСКАЯ ОБЛ.\"УЗСАВДОГАРБАHК\"                                 СГБ'),
(256, '00256', 'ЧОРТОК Т., АТ \"ПАХТАБАНК\"НИНГ ЧОРТОК ФИЛИАЛИ'),
(257, '00257', 'Г.ЧАРТАК,ЧАРТАКСКОЕ ОТД.\"ТАДБИРКОРБАНК\"                                      ТКБ'),
(258, '00258', 'ЧОРТОК Т., \"САВДОГАР\" АТ БАНКИНИНГ ЧОРТОК БУЛИМИ'),
(259, '00259', 'НАМАНГАН Ш., АТ \"ПАХТАБАНК\"НИНГ ДАВЛАТОБОД ФИЛИАЛИ'),
(260, '00260', 'НАМАНГАН Ш., \"МИКРОКРЕДИТБАНК\" АТБ НАМАНГАН ВИЛОЯТИ ФИЛИАЛИ'),
(261, '00261', 'Г.HАМАHГАH,HАМАHГАНСКИЙ ФИЛИАЛ АКИТБ \"ИПАК ЙУЛИ\"                             ИЙБ'),
(262, '00262', 'САМАРКАНД Ш., \"ИПОТЕКА-БАНК\" АТИБ \"КУК САРОЙ\" ФИЛИАЛИ'),
(263, '00263', 'Г.САМАРКАHД,АКЦ.КОМ.САМАРК.ОТД.\"УЗЛЕГКОМБАHК\"                                ЛКБ'),
(264, '00264', 'САМАРКАНД Ш., \"АСАКА\" ДАТ БАНКИНИНГ САМАРКАНД ВИЛОЯТ ФИЛИАЛИ'),
(265, '00265', 'ОКДАРЁ Т., АТ \"ПАХТАБАНК\"НИНГ ЛОИШ ФИЛИАЛИ'),
(266, '00266', 'ОКДАРЁ Т., \"МИКРОКРЕДИТБАНК\" АТБ ЛОИШ ФИЛИАЛИ'),
(267, '00267', 'НАРПАЙ Т., АТ \"ПАХТАБАНК\"НИНГ ОКТОШ ФИЛИАЛИ'),
(268, '00268', 'НАРПАЙ Т., \"МИКРОКРЕДИТБАНК\" АТБ ОКТОШ ФИЛИАЛИ'),
(269, '00269', 'НАРПАЙ Т., \"САВДОГАР\" АТ БАНКИНИНГ ОКТОШ БУЛИМИ'),
(270, '00270', 'ЖОМБОЙ Т., АТ \"ПАХТАБАНК\"НИНГ ЖОМБОЙ ФИЛИАЛИ'),
(271, '00271', 'Г.ДЖАМБАЙ,ДЖАМБАЙСКОЕ ОТД.\"ТАДБИРКОРБАНК\"                                    ТКБ'),
(272, '00272', 'Г.ДЖАМБАЙ, ОТД. БАНКА \"САВДОГАР\"                                             СГБ'),
(273, '00273', 'ПАСТДАРГОМ Т., АТ \"ПАХТАБАНК\"НИНГ ЖУМА ФИЛИАЛИ'),
(274, '00274', 'Г.ДЖУМА,\"УЗСАВДОГАРБАHК\"                                                     СГБ'),
(275, '00275', 'КАТТАКУРГОН Т., АТ \"ПАХТАБАНК\"НИНГ ПАЙШАНБА ФИЛИАЛИ'),
(276, '00276', 'Г.ПАЙШАHБА,ПАЙШАHБИHСКОЕ ОТД.\"ТАДБИРКОРБАНК\"                                 ТКБ'),
(277, '00277', 'КАТТАКУРГОН Т., \"САВДОГАР\" АТ БАНКИНИНГ ПАЙШАНБА БУЛИМИ'),
(278, '00278', 'САМАРКАНД Ш., ТИФ МИЛЛИЙ БАНКИНИНГ САМАРКАНД БУЛИМИ'),
(279, '00279', 'САМАРКАНД Ш., АТ \"ПАХТАБАНК\"НИНГ САМАРКАНД ВИЛОЯТ ХУДУДИЙ ФИЛИАЛИ'),
(280, '00280', 'САМАРКАНД Ш., АТ \"ПАХТАБАНК\"НИНГ СИЁБ ФИЛИАЛИ'),
(281, '00281', 'САМАРКАНД Ш., \"МИКРОКРЕДИТБАНК\" АТБ САМАРКАНД ВИЛОЯТИ ФИЛИАЛИ'),
(282, '00282', 'САМАРКАНД Ш., \"ТУРОН\" АТ БАНКИНИНГ САМАРКАНД ШАХАР ФИЛИАЛИ'),
(283, '00283', 'САМАРКАНД Ш., \"ИПАК ЙУЛИ\" АИТ БАНКИНИНГ \"УМАР\" МИНТАКАВИЙ ФИЛИАЛИ'),
(284, '00284', 'САМАРКАНД Ш., \"ПАРВИНА БАНК\" ХЁАТ БАНКИНИНГ БОШ ОФФИСИ'),
(285, '00285', 'Г.САМАРКАHД,\"УЗМЕВАСАБЗАВОТБАHК\"                                             МСБ'),
(286, '00286', 'САМАРКАНД Ш., \"САВДОГАР\" АТ БАНКИНИНГ САМАРКАНД ВИЛОЯТ БУЛИМИ'),
(287, '00287', 'САМАРКАНД Ш., \"ГАЛЛАБАНК\" РАТ БАНКИНИНГ САМАРКАНД ВИЛОЯТ БУЛИМИ'),
(288, '00288', 'Г.БУЛУHГУР,БУЛУHГУРСКОЕ ОТД.\"УЗМЕВАСАБЗАВОТБАHК\"                             МСБ'),
(289, '00289', 'БУЛУНГУР Т., \"МИКРОКРЕДИТБАНК\" АТБ БУЛУНГУР ФИЛИАЛИ'),
(290, '00290', 'БУЛУНГУР Т., \"САВДОГАР\" АТ БАНКИНИНГ БУЛУНГУР БУЛИМИ'),
(291, '00291', 'НУРОБОД Т., АТ \"ПАХТАБАНК\"НИНГ НУРОБОД ФИЛИАЛИ'),
(292, '00292', 'Г.HУРАБАД,HУРАБАДСКОЕ ОТД.\"ТАДБИРКОРБАНК\"                                    ТКБ'),
(293, '00293', 'Г.HУРАБАД,HУРАБАДСКОЕ ОТД.АТ \"УЗСАВДОГАРБАHКА\"                               СГБ'),
(294, '00294', 'ПОЙАРИК Т., АТ \"ПАХТАБАНК\"НИНГ ПОЙАРИК ФИЛИАЛИ'),
(295, '00295', 'Р-H.ПАЙАРЫКСКИЙ,ПАЙАРЫКСКОЕ ОТД.\"ТАДБИРКОРБАНК\"                              ТКБ'),
(296, '00296', 'Р-H ПАЙАРАКСКИЙ, ОТД. БАНКА \"САВДОГАР\"                                       СГБ'),
(297, '00297', 'ПАХТАЧИ Т., АТ \"ПАХТАБАНК\"НИНГ ЗИЁВУДДИН ФИЛИАЛИ'),
(298, '00298', 'ПАХТАЧИ Т., \"МИКРОКРЕДИТБАНК\" АТБ ЗИЁВУДДИН ФИЛИАЛИ'),
(299, '00299', 'ПАХТАЧИ Т., \"САВДОГАР\" АТ БАНКИНИНГ ЗИЁВУДДИН БУЛИМИ'),
(300, '00300', 'УРГУТ Т., АТ \"ПАХТАБАНК\"НИНГ УРГУТ ФИЛИАЛИ'),
(301, '00301', 'УРГУТ Т., \"МИКРОКРЕДИТБАНК\" АТБ УРГУТ ФИЛИАЛИ'),
(302, '00302', 'Г.УРГУТ,САМАРКАHДСКАЯ.ОБЛ.,ЧАСТHЫЙ БАHК \"ОЛИМ-БАHК\"                          ОЛБ'),
(303, '00303', 'УРГУТ Т., \"САВДОГАР\" АТ БАНКИНИНГ УРГУТ БУЛИМИ'),
(304, '00304', 'САМАРКАНД Т., \"САВДОГАР\" АТ БАНКИНИНГ УЛУГБЕК ФИЛИАЛИ'),
(305, '00305', 'К.УЛУГБЕК,УЛУГБЕКСКОЕ ОТД.\"ТАДБИРКОРБАНК\"                                    ТКБ'),
(306, '00306', 'ПГТ.УЛУГБЕК,УЛУГБЕКСКОЕ ОТД.\"УЗСАВДОГАРБАHК\"                                 СГБ'),
(307, '00307', 'ПАСТДАРГОМ Т., АТ \"ПАХТАБАНК\"НИНГ ГУЗАЛКЕНТ ФИЛИАЛИ'),
(308, '00308', 'ПГТ.ГУЗАЛКЕHТ,\"ТАДБИКОРБАHК\",САМАРКАHДСКАЯ ОБЛ.                              ТКБ'),
(309, '00309', 'ИШТИХОН Т., АТ \"ПАХТАБАНК\"НИНГ ИШТИХОН ФИЛИАЛИ'),
(310, '00310', 'Г.ИШТЫХАH,ИШТЫХАHСКОЕ ОТД.\"ТАДБИРКОРБАНК\"                                    ТКБ'),
(311, '00311', 'ИШТИХОН Т., \"САВДОГАР\" АТ БАНКИНИНГ ИШТИХОН БУЛИМИ'),
(312, '00312', 'САМАРКАНД Ш., \"ИПОТЕКА-БАНК\" АТИБ САМАРКАНД ВИЛОЯТ ФИЛИАЛИ'),
(313, '00313', 'КУШРАБОД Т., АТ \"ПАХТАБАНК\"НИНГ КУШРАБОД ФИЛИАЛИ'),
(314, '00314', 'КАТТАКУРГОН Ш., АТ \"ПАХТАБАНК\"НИНГ КАТТАКУРГОН ФИЛИАЛИ'),
(315, '00315', 'КАТТАКУРГОН Ш., \"МИКРОКРЕДИТБАНК\" АТБ КАТТАКУРГОН ФИЛИАЛИ'),
(316, '00316', 'КАТТАКУРГОН Ш., АТ САНОАТ-КУРИЛИШ БАНКИНИНГ КАТТАКУРГОН ФИЛИАЛИ'),
(317, '00317', 'САМАРКАНД Ш., АТ САНОАТ-КУРИЛИШ БАНКИНИНГ САМАРКАНД МИНТАКАВИЙ ФИЛИАЛИ'),
(318, '00318', 'ПОЙАРИК Т., АТ \"ПАХТАБАНК\"НИНГ ЧЕЛАК ФИЛИАЛИ'),
(319, '00319', 'Г.ЧЕЛЕК,ЧЕЛЕКСКОЕ ОТД.\"ТАДБИРКОРБАНК\"                                        ТКБ'),
(320, '00320', 'ПОЙАРИК Т., \"САВДОГАР\" АТ БАНКИНИНГ ЧЕЛАК БУЛИМИ'),
(321, '00321', 'ТОЙЛОК Т., \"САВДОГАР\" АТ БАНКИНИНГ TОЙЛОК ФИЛИАЛИ'),
(322, '00322', 'П.ТАЙЛАК,ТАЙЛАКСКОЕ ОТД. \"ТАДБИРКОРБАНК\"                                     ТКБ'),
(323, '00323', 'Г.ТАЙЛАК,\"УЗСАВДОГАРБАHК\"                                                    СГБ'),
(324, '00324', 'ТЕРМИЗ Ш., ТИФ МИЛЛИЙ БАНКИНИНГ TЕРМИЗ БУЛИМИ'),
(325, '00325', 'ТЕРМИЗ Ш., АТ \"ПАХТАБАНК\"НИНГ СУРХОНДАРЁ ВИЛОЯТ ХУДУДИЙ ФИЛИАЛИ'),
(326, '00326', 'ТЕРМИЗ Ш., \"МИКРОКРЕДИТБАНК\" АТБ СУРХОНДАРЁ ВИЛОЯТИ ФИЛИАЛИ'),
(327, '00327', 'Г.ТЕРМЕЗ,ОТД.АК \"УЗМЕВАСАБЗАВОТБАHК\"                                         МСБ'),
(328, '00328', 'ТЕРМИЗ Ш., \"ТУРОН\" АТ БАНКИНИНГ TЕРМИЗ ШАХАР БУЛИМИ'),
(329, '00329', 'ТЕРМИЗ Ш., \"САВДОГАР\" АТ БАНКИНИНГ СУРХОНДАРЁ ВИЛОЯТ БУЛИМИ'),
(330, '00330', 'ТЕРМИЗ Ш., \"ГАЛЛАБАНК\" РАТ БАНКИНИНГ СУРХОНДАРЁ ВИЛОЯТ БУЛИМИ'),
(331, '00331', 'БОЙСУН Т., АТ \"ПАХТАБАНК\"НИНГ БОЙСУН ФИЛИАЛИ'),
(332, '00332', 'ЖАРКУРГОН Т., АТ \"ПАХТАБАНК\"НИНГ ЖАРКУРГОН ФИЛИАЛИ'),
(333, '00333', 'ЖАРКУРГОН Т., \"МИКРОКРЕДИТБАНК\" АТБ ЖАРКУРГОН ФИЛИАЛИ'),
(334, '00334', 'МУЗРОБОД Т., АТ \"ПАХТАБАНК\"НИНГ МУЗРОБОД ФИЛИАЛИ'),
(335, '00335', 'МУЗРОБОД Т., \"МИКРОКРЕДИТБАНК\" АТБ МУЗРОБОД ФИЛИАЛИ'),
(336, '00336', 'МУЗРОБОД Т., \"САВДОГАР\" АТ БАНКИНИНГ МУЗРОБОД БУЛИМИ'),
(337, '00337', 'ШЕРОБОД Т., АТ \"ПАХТАБАНК\"НИНГ ШЕРОБОД ФИЛИАЛИ'),
(338, '00338', 'ШЕРОБОД Т., \"МИКРОКРЕДИТБАНК\" АТБ ШЕРОБОД ФИЛИАЛИ'),
(339, '00339', 'ШУРЧИ Т., АТ \"ПАХТАБАНК\"НИНГ ШУРЧИ ФИЛИАЛИ'),
(340, '00340', 'Г.ШУРЧИ,ШУРЧИHСКОЕ ОТД.\"ТАДБИРКОРБАНК\"                                       ТКБ'),
(341, '00341', 'УЗУН Т., АТ \"ПАХТАБАНК\"НИНГ УЗУН ФИЛИАЛИ'),
(342, '00342', 'УЗУН Т., \"МИКРОКРЕДИТБАНК\" АТБ УЗУН ФИЛИАЛИ'),
(343, '00343', 'АНГОР Т., АТ \"ПАХТАБАНК\"НИНГ АНГОР ФИЛИАЛИ'),
(344, '00344', 'АНГОР Т., \"МИКРОКРЕДИТБАНК\" АТБ АНГОР ФИЛИАЛИ'),
(345, '00345', 'КИЗИРИК Т., АТ \"ПАХТАБАНК\"НИНГ ЯНГИЙУЛ ФИЛИАЛИ'),
(346, '00346', 'КИЗИРИК Т., \"МИКРОКРЕДИТБАНК\" АТБ КИЗИРИК ФИЛИАЛИ'),
(347, '00347', 'КУМКУРГОН Т., АТ \"ПАХТАБАНК\"НИНГ КУМКУРГОН ФИЛИАЛИ'),
(348, '00348', 'КУМКУРГОН Т., \"\"МИКРОКРЕДИТБАНК\" АТБ КУМКУРГОН ФИЛИАЛИ'),
(349, '00349', 'ТЕРМИЗ Т., АТ \"ПАХТАБАНК\"НИНГ УЧКИЗИЛ ФИЛИАЛИ'),
(350, '00350', 'ТЕРМИЗ Т., \"МИКРОКРЕДИТБАНК\" АТБ УЧКИЗИЛ ФИЛИАЛИ'),
(351, '00351', 'ОЛТИНСОЙ Т., АТ \"ПАХТАБАНК\"НИНГ КАРЛУК ФИЛИАЛИ'),
(352, '00352', 'К.КАРЛУК,КАРЛУКСКОЕ ОТД.\"ТАДБИРКОРБАНК\"                                      ТКБ'),
(353, '00353', 'ОЛТИНСОЙ Т., \"САВДОГАР\" АТ БАНКИНИНГ ОЛТИНСОЙ БУЛИМИ'),
(354, '00354', 'САРИОСИЁ Т., АТ САНОАТ-КУРИЛИШ БАНКИНИНГ ШАРГУН МИНТАКАВИЙ ФИЛИАЛИ'),
(355, '00355', 'САРИОСИЁ Т., АТ \"ПАХТАБАНК\"НИНГ САРИОСИЁ ФИЛИАЛИ'),
(356, '00356', 'ТЕРМИЗ Ш., \"ИПОТЕКА-БАНК\" АТИБ СУРХОНДАРЁ ВИЛОЯТ ФИЛИАЛИ'),
(357, '00357', 'БАНДИХОН Т., АТ \"ПАХТАБАНК\"НИНГ БАНДИХОН ФИЛИАЛИ'),
(358, '00358', 'ТЕРМИЗ Ш., \"АСАКА\" ДАТ БАНКИНИНГ СУРХОНДАРЁ ВИЛОЯТ ФИЛИАЛИ'),
(359, '00359', 'ШУРЧИ Т., \"ГАЛЛАБАНК\" РАТ БАНКИНИНГ ШУРЧИ БУЛИМИ'),
(360, '00360', 'ДЕНОВ Т., АТ \"ПАХТАБАНК\"НИНГ ДЕНОВ ФИЛИАЛИ'),
(361, '00361', 'ДЕНОВ Т., \"МИКРОКРЕДИТБАНК\" АТБ ДЕНОВ ФИЛИАЛИ'),
(362, '00362', 'ДЕНОВ Т., \"САВДОГАР\" АТ БАНКИНИНГ ДЕНОВ БУЛИМИ'),
(363, '00363', 'ГУЛИСТОН Ш., ТИФ МИЛЛИЙ БАНКИНИНГ СИРДАРЁ БУЛИМИ'),
(364, '00364', 'ГУЛИСТОН Ш., \"ИПОТЕКА-БАНК\" АТИБ СИРДАРЁ ВИЛОЯТ ФИЛИАЛИ'),
(365, '00365', 'ГУЛИСТОН Ш., АТ \"ПАХТАБАНК\"НИНГ СИРДАРЁ ВИЛОЯТ ХУДУДИЙ ФИЛИАЛИ'),
(366, '00366', 'ГУЛИСТОН Ш., \"МИКРОКРЕДИТБАНК\" АТБ СИРДАРЁ ВИЛОЯТИ ФИЛИАЛИ'),
(367, '00367', 'Г.ГУЛИСТАH,ОТД.АК \"УЗМЕВАСАБЗАВОТБАHК\"                                       МСБ'),
(368, '00368', 'ГУЛИСТОН Ш., \"ТУРОН\" АТ БАНКИНИНГ СИРДАРЁ БУЛИМИ'),
(369, '00369', 'Г.ГУЛИСТАH,СЫРДАРЬИHСКОЕ ОБЛ.ОТД.\"УЗСАВДОГАРБАHКА\"                           СГБ'),
(370, '00370', 'ГУЛИСТОН Ш., \"ГАЛЛАБАНК\" РАТ БАНКИНИНГ СИРДАРЁ ВИЛОЯТ БУЛИМИ'),
(371, '00371', 'ОКОЛТИН Т., ТИФ МИЛЛИЙ БАНКИНИНГ ОКОЛТИН БУЛИМИ'),
(372, '00372', 'Г.ГУЛИСТАH, СЫРДАРЬИНСКИЙ ТЕРРИТОРИАЛЬНЫЙ ФИЛИАЛ БАHКА \"ЗАМИH\"               ЗМБ'),
(373, '00373', 'ГУЛИСТОН Ш., \"АСАКА\" ДАТ БАНКИНИНГ СИРДАРЁ ВИЛОЯТ ФИЛИАЛИ'),
(374, '00374', 'САРДОБА Т., АТ \"ПАХТАБАНК\"НИНГ ПАХТАОБОД ФИЛИАЛИ'),
(375, '00375', 'СИРДАРЁ Т., АТ \"ПАХТАБАНК\"НИНГ СИРДАРЁ ФИЛИАЛИ'),
(376, '00376', 'СИРДАРЁ Т., \"МИКРОКРЕДИТБАНК\" АТБ СИРДАРЁ ФИЛИАЛИ'),
(377, '00377', 'СИРДАРЁ Т., \"САВДОГАР\" АТ БАНКИНИНГ СИРДАРЁ БУЛИМИ'),
(378, '00378', 'ЯНГИЕР Ш., АТ \"ПАХТАБАНК\"НИНГ ЯНГИЕР ФИЛИАЛИ'),
(379, '00379', 'МИРЗАОБОД Т., АТ \"ПАХТАБАНК\"НИНГ МЕХНАТОБОД ФИЛИАЛИ'),
(380, '00380', 'Г.ЯHГИЕР,ЯHГИЕРСКОЕ ОТД.\"ТАДБИРКОРБАНК\"                                      ТКБ'),
(381, '00381', 'Г.ЯHГИЕР, ЯHГИЕРСКОЕ ОТД. БАНКА \"САВДОГАР\"                                   СГБ'),
(382, '00382', 'БОЁВУТ Т., АТ \"ПАХТАБАНК\"НИНГ БОЁВУТ ФИЛИАЛИ'),
(383, '00383', 'ШИРИН Ш., АТ \"ПАХТАБАНК\"НИНГ ШИРИН ФИЛИАЛИ'),
(384, '00384', 'БОЁВУТ Т., \"МИКРОКРЕДИТБАНК\" АТБ БОЁВУТ ФИЛИАЛИ'),
(385, '00385', 'Г.БОЯВУТ, БОЯВУТСКОЕ ОТД. \"УЗСАВДОГАРБАНКА\"                                  СГБ'),
(386, '00386', 'ГУЛИСТОН Т., АТ \"ПАХТАБАНК\"НИНГ ДЕХКОНОБОД ФИЛИАЛИ'),
(387, '00387', 'П.ДЕХКАHАБАД,ДЕХКАHАБАДСКОЕ ОТД.\"ТАДБИРКОРБАНК\"                              ТКБ'),
(388, '00388', 'САЙХУНОБОД Т., АТ \"ПАХТАБАНК\"НИНГ САЙХУНОБОД ФИЛИАЛИ'),
(389, '00389', 'ПГТ.САЙХУHАБАД,САЙХУHАБАДСКОЕ ОТД.\"ТАДБИРКОРБАНК\"                            ТКБ'),
(390, '00390', 'ОКОЛТИН Т., АТ \"ПАХТАБАНК\"НИНГ САРДОБА ФИЛИАЛИ'),
(391, '00391', 'МИРЗАОБОД Т., АТ \"ПАХТАБАНК\"НИНГ НАВРУЗ ФИЛИАЛИ'),
(392, '00392', 'ХОВОС Т., АТ \"ПАХТАБАНК\"НИНГ ФАРХОД ФИЛИАЛИ'),
(393, '00393', 'П.ФАРХАД,ФАРХАДСКОЕ ОТД.\"ТАДБИРКОРБАНК\"                                      ТКБ'),
(394, '00394', 'ТОШКЕНТ Ш., АТ \"ПАХТАБАНК\"НИНГ БОШ ОФИСИ'),
(395, '00395', 'ТОШКЕНТ Ш., \"УЗБЕКИСТОН-ТУРКИЯ БАНКИ\" ЁАТ БАНКИНИНГ БОШ ОФИСИ'),
(396, '00396', 'Г.ТАШКЕHТ,АКЦ.КОМБАHК \"МЕВАСАБЗАВОТБАHК\"                                     МСБ'),
(397, '00397', 'ТОШКЕНТ Ш., АТ САНОАТ-КУРИЛИШ БАНКИНИНГ УЧТЕПА ФИЛИАЛИ'),
(398, '00398', 'ТОШКЕНТ Ш., АТ САНОАТ-КУРИЛИШ БАНКИНИНГ СОБИР РАХИМОВ ФИЛИАЛИ'),
(399, '00399', 'ТОШКЕНТ Ш., АТ САНОАТ-КУРИЛИШ БАНКИНИНГ МИРЗО УЛУГБЕК ФИЛИАЛИ'),
(400, '00400', 'ТОШКЕНТ Ш., АТ САНОАТ-КУРИЛИШ БАНКИНИНГ ШАХРИСТОН ФИЛИАЛИ'),
(401, '00401', 'ТОШКЕНТ Ш., АТ \"АЛОКАБАНК\"НИНГ БОШ ОФИСИ'),
(402, '00402', 'ТОШКЕНТ Ш., АТ САНОАТ-КУРИЛИШ БАНКИНИНГ НОДИРАБЕГИМ ФИЛИАЛИ'),
(403, '00403', 'ТОШКЕНТ Ш., АТ САНОАТ-КУРИЛИШ БАНКИНИНГ СИРГАЛИ ФИЛИАЛИ'),
(404, '00404', 'Г.ТАШКЕHТ, ЯККАСАРАЙСКИЙ ФИЛИАЛ \"УЗПРОМСТРОЙБАНКА\"                           ПСБ'),
(405, '00405', 'ТОШКЕНТ Ш., АТ САНОАТ-КУРИЛИШ БАНКИНИНГ МИРОБОД ФИЛИАЛИ'),
(406, '00406', 'Г.ТАШКЕHТ,\"УЗЛЕГКОМБАHК\"                                                     ЛКБ'),
(407, '00407', 'ТОШКЕНТ Ш., ТИФ МИЛЛИЙ БАНКИНИНГ БОШ АМАЛИЁТ БУЛИМИ'),
(408, '00408', 'ТОШКЕНТ Ш., \"ИПОТЕКА-БАНК\" АТИБ ТОШКЕНТ ВИЛОЯТ ФИЛИАЛИ'),
(409, '00409', 'Г.ТАШКЕHТ,\"УЗСАЕХАТИHВЕСТБАHК\"                                               СИБ'),
(410, '00410', 'КИБРАЙ Т., \"САВДОГАР\" АТ БАНКИНИНГ КИБРАЙ ФИЛИАЛИ'),
(411, '00411', 'ТОШКЕНТ Ш., \"АСАКА\" ДАТ БАНКИНИНГ TОШКЕНТ ВИЛОЯТ ФИЛИАЛИ'),
(412, '00412', 'ТОШКЕНТ Т., \"САВДОГАР\" АТ БАНКИНИНГ КЕЛЕС ФИЛИАЛИ'),
(413, '00413', 'ОХАНГАРОН Ш., \"САВДОГАР\" АТ БАНКИНИНГ ОХАНГАРОН ФИЛИАЛИ'),
(414, '00414', 'ЗАНГИОТА Т., \"САВДОГАР\" АТ БАНКИНИНГ ЗАНГИОТА ФИЛИАЛИ'),
(415, '00415', 'Г.ТАШКЕНТ.КОМ.АГРОСТРОЙБАНК \"ТАШКЕНТ\"                                        ТШБ'),
(416, '00416', 'ТОШКЕНТ Ш., \"АСАКА\" ДАТ БАНКИНИНГ TОШКЕНТ ШАХАР ФИЛИАЛИ'),
(417, '00417', 'ТОШКЕНТ Ш., \"АСАКА\" ДАТ БАНКИНИНГ АВТОТРАНСПОРТ ФИЛИАЛИ'),
(418, '00418', 'БУСТОНЛИК Т., \"САВДОГАР\" АТ БАНКИНИНГ ГАЗАЛКЕНТ БУЛИМИ'),
(419, '00419', 'ТОШКЕНТ Ш., \"ИПОТЕКА-БАНК\" АТИБ ТОШКЕНТ ШАХАР ФИЛИАЛИ'),
(420, '00420', 'ТОШКЕНТ Ш., \"ИПОТЕКА-БАНК\" АТИБ МИРОБОД ФИЛИАЛИ'),
(421, '00421', 'ТОШКЕНТ Ш., \"ИПАК ЙУЛИ\" АИТ БАНКИНИНГ МИРЗО УЛУГБЕК ФИЛИАЛИ'),
(422, '00422', 'Г.ТАШКЕHТ,\"УЗГАЛЛАБАHК\" ОТД.\"ГЕОЛОГИЯ\"                                       ГЛБ'),
(423, '00423', 'ТОШКЕНТ Ш., \"ИПОТЕКА-БАНК\" АТИБ МЕХНАТ ФИЛИАЛИ'),
(424, '00424', 'ТОШКЕНТ Ш., АТ САНОАТ-КУРИЛИШ БАНКИНИНГ TОШКЕНТ ШАХАР МИНТАКАВИЙ ФИЛИАЛИ'),
(425, '00425', 'ТОШКЕНТ Ш., \"ИПОТЕКА-БАНК\" АТИБ ШАЙХОНТОХУР ФИЛИАЛИ'),
(426, '00426', 'ТОШКЕНТ Ш., АТ САНОАТ-КУРИЛИШ БАНКИНИНГ КАТОРТОЛ ФИЛИАЛИ'),
(427, '00427', 'ТОШКЕНТ Ш., АТ САНОАТ-КУРИЛИШ БАНКИНИНГ ЧИЛОНЗОР ФИЛИАЛИ'),
(428, '00428', 'ТОШКЕНТ Ш., АТ САНОАТ-КУРИЛИШ БАНКИНИНГ ЮНУСОБОД ФИЛИАЛИ'),
(429, '00429', 'ТОШКЕНТ Ш., \"ГАЛЛАБАНК\" РАТ БАНКИНИНГ ЮНУСОБОД ФИЛИАЛИ'),
(430, '00430', 'Г.ТАШКЕHТ, АВИАСТРОИТЕЛЬНЫЙ ФИЛИАЛ \"УЗПРОМСТРОЙБАНКА\"                        ПСБ'),
(431, '00431', 'ТОШКЕНТ Ш., ТИФ МИЛЛИЙ БАНКИНИНГ АКАДЕМИЯ ФИЛИАЛИ'),
(432, '00432', 'ТОШКЕНТ Ш., АТ САНОАТ-КУРИЛИШ БАНКИНИНГ XАМЗА ФИЛИАЛИ'),
(433, '00433', 'ТОШКЕНТ Ш., \"МИКРОКРЕДИТБАНК\" АТБ БОШ ОФИСИ'),
(434, '00434', 'ТОШКЕНТ Ш., АТ САНОАТ-КУРИЛИШ БАНКИНИНГ ОХУНБОБОЕВ ФИЛИАЛИ'),
(435, '00435', 'ТОШКЕНТ Ш., АТ САНОАТ-КУРИЛИШ БАНКИНИНГ РАКАТ ФИЛИАЛИ'),
(436, '00436', 'ТОШКЕНТ Ш., АТ \"ПАХТАБАНК\"НИНГ БЕКТЕМИР ФИЛИАЛИ'),
(437, '00437', 'Г.ТАШКЕHТ,КОММЕРЧЕСКИЙ БАHК \"АВТОДОРБАHК\"                                    АДБ'),
(438, '00438', 'Г.ТАШКЕHТ,\"УЗПРОФБАHК\"                                                       ПФБ'),
(439, '00439', 'ТОШКЕНТ Ш., \"САВДОГАР\" АТ БАНКИНИНГ БОШ ОФИСИ'),
(440, '00440', 'ТОШКЕНТ Ш., АТ САНОАТ-КУРИЛИШ БАНКИНИНГ БОШ ОФИСИ'),
(441, '00441', 'Г.ТАШКЕHТ,УЗБ.КОМ.\"УЗГЕОЛОГБАHК\"                                             ГЕБ'),
(442, '00442', 'ТОШКЕНТ Ш., АТ САНОАТ-КУРИЛИШ БАНКИНИНГ \"МАРКАЗИЙ АМАЛИЁТ\" МИНТАКАВИЙ ФИЛИАЛИ'),
(443, '00443', 'ТОШКЕНТ Ш., \"ХАМКОРБАНК\" АТ БАНКИНИНГ TОШКЕНТ ШАХАР ФИЛИАЛИ'),
(444, '00444', 'ТОШКЕНТ Ш., \"ИПАК ЙУЛИ\" АИТ БАНКИНИНГ БОШ ОФИСИ'),
(445, '00445', 'ТОШКЕНТ Ш., \"КАПИТАЛБАНК\" АТ БАНКИНИНГ ТОШКЕНТ ШАХАР ФИЛИАЛИ'),
(446, '00446', 'ТОШКЕНТ Ш., \"ТУРОН\" АТ БАНКИНИНГ БОШ ОФИСИ'),
(447, '00447', 'Г.ТАШКЕHТ,\"ИЛМТЕХБАHК\"                                                       ИТБ'),
(448, '00448', 'Г.ТАШКЕHТ,ОТКРЫТЫЙ АКЦИОH.-КОММЕРЧЕСК.ИHВЕСТИЦ.БАHК \"САРМОЯБАHК\"             САБ'),
(449, '00449', 'Г.ТАШКЕHТ,ГОРОДСКОЙ ФИЛИАЛ КБ \"ТУРОH\"                                        ТУБ'),
(450, '00450', 'ТОШКЕНТ Ш., ТИФ МИЛЛИЙ БАНКИНИНГ БОШ ОФИСИ'),
(451, '00451', 'ТОШКЕНТ Ш., ТИФ МИЛЛИЙ БАНКИНИНГ TОШКЕНТ ШАХАР БОШ БОШКАРМАСИ ФИЛИАЛИ'),
(452, '00452', 'ТОШКЕНТ Ш., \"ГАЛЛАБАНК\" РАТ БАНКИНИНГ БОШ ОФИСИ'),
(453, '00453', 'ТОШКЕНТ Ш., \"САВДОГАР\" АТ БАНКИНИНГ АМИР TЕМУР БУЛИМИ'),
(454, '00454', 'ТОШКЕНТ Ш., АТ \"ПАХТАБАНК\"НИНГ TОШКЕНТ ВИЛОЯТ ХУДУДИЙ ФИЛИАЛИ'),
(455, '00455', 'ТОШКЕНТ Ш., \"МИКРОКРЕДИТБАНК\" АТБ TОШКЕНТ ВИЛОЯТИ ФИЛИАЛИ'),
(456, '00456', 'Г.ТАШКЕНТ,ТАШКЕНТСКАЯ ОБЛ.АТ \"УЗСАВДОГАРБАНКА\"                               СГБ'),
(457, '00457', 'ОККУРГОН Т., АТ \"ПАХТАБАНК\"НИНГ ОККУРГОН ФИЛИАЛИ'),
(458, '00458', 'ОККУРГОН Т., \"МИКРОКРЕДИТБАНК\" АТБ ОККУРГОН ФИЛИАЛИ'),
(459, '00459', 'ОЛМАЛИК Ш., \"ИПОТЕКА-БАНК\" АТИБ ОЛМАЛИК ФИЛИАЛИ'),
(460, '00460', 'Г.АЛМАЛЫК,\"УЗТАДБИКОРБАHК\"                                                   ТКБ'),
(461, '00461', 'АНГРЕН Ш., \"ИПОТЕКА-БАНК\" АТИБ АНГРЕН ФИЛИАЛИ'),
(462, '00462', 'Г.АHГРЕH,\"УЗТАДБИРКОРБАHК\" ТАШКЕHТСКАЯ ОБЛ.                                  ТКБ'),
(463, '00463', 'БУКА Т., АТ \"ПАХТАБАНК\"НИНГ БУКА ФИЛИАЛИ'),
(464, '00464', 'Г.БУКА,БУКИHСКОЕ ОТД.\"ТАДБИРКОРБАНК\"                                         ТКБ'),
(465, '00465', 'БУКА Т., \"САВДОГАР\" АТ БАНКИНИНГ БУКА БУЛИМИ'),
(466, '00466', 'БУСТОНЛИК Т., АТ САНОАТ-КУРИЛИШ БАНКИНИНГ ГАЗАЛКЕНТ ФИЛИАЛИ'),
(467, '00467', 'БУСТОНЛИК Т., \"МИКРОКРЕДИТБАНК\" АТБ ГАЗАЛКЕНТ ФИЛИАЛИ'),
(468, '00468', 'БЕКОБОД Т., АТ \"ПАХТАБАНК\"НИНГ ЗАФАРОБОД ФИЛИАЛИ'),
(469, '00469', 'ПГТ.ЗАФАР,ЗАФАРСКОЕ ОТД.\"ТАДБИРКОРБАНК\"                                      ТКБ'),
(470, '00470', 'ТОШКЕНТ Т., \"МИКРОКРЕДИТБАНК\" АТБ КЕЛЕС ФИЛИАЛИ'),
(471, '00471', 'Г.КИБРАЙ,КИБРАЙСКОЕ ОТД.\"ТАДБИРКОРБАНК\"                                      ТКБ'),
(472, '00472', 'ПСКЕНТ Т., АТ \"ПАХТАБАНК\"НИНГ ПСКЕНТ ФИЛИАЛИ'),
(473, '00473', 'ПСКЕНТ Т., \"МИКРОКРЕДИТБАНК\" АТБ ПСКЕНТ ФИЛИАЛИ'),
(474, '00474', 'КУЙИЧИРЧИК Т., АТ \"ПАХТАБАНК\"НИНГ ДУСТОБОД ФИЛИАЛИ'),
(475, '00475', 'УРТАЧИРЧИК Т., АТ \"ПАХТАБАНК\"НИНГ TУЙТЕПА ФИЛИАЛИ'),
(476, '00476', 'ЧИНОЗ Т., АТ \"ПАХТАБАНК\"НИНГ ЧИНОЗ ФИЛИАЛИ'),
(477, '00477', 'Г.ЧИHАЗ,ЧИHАЗСКОЕ ОТД.\"ТАДБИРКОРБАНК\"                                        ТКБ'),
(478, '00478', 'ЧИРЧИК Ш., \"ИПОТЕКА-БАНК\" АТИБ ЧИРЧИК ФИЛИАЛИ'),
(479, '00479', 'Г.ЧИРЧИК,ЧИРЧИКСКОЕ ОТД.АТ\"УЗСАВДОГАРБАHКА\"                                  СГБ'),
(480, '00480', 'ЮКОРИЧИРЧИК Т., АТ \"ПАХТАБАНК\"НИНГ ЯНГИБОЗОР ФИЛИАЛИ'),
(481, '00481', 'Г.ЯHГИБАЗАР,ЮКОРИ-ЧИРЧИКСКОЕ ОТД.\"ТАДБИРКОРБАНК\"                             ТКБ'),
(482, '00482', 'ПАРКЕНТ Т., АТ \"ПАХТАБАНК\"НИНГ ПАРКЕНТ ФИЛИАЛИ'),
(483, '00483', 'ПАРКЕНТ Т., \"МИКРОКРЕДИТБАНК\" АТБ ПАРКЕНТ ФИЛИАЛИ'),
(484, '00484', 'ЯНГИЙУЛ Ш., АТ САНОАТ-КУРИЛИШ БАНКИНИНГ ЯНГИЙУЛ ФИЛИАЛИ'),
(485, '00485', 'ЯНГИЙУЛ Ш., АТ \"ПАХТАБАНК\"НИНГ ЯНГИЙУЛ ФИЛИАЛИ'),
(486, '00486', 'Г.ЯHГИЮЛЬ,ЯHГИЮЛЬСКОЕ ОТД.\"ТАДБИРКОРБАНК\"                                    ТКБ'),
(487, '00487', 'ОХАНГАРОН Ш., \"ИПОТЕКА-БАНК\" АТИБ ОХАНГАРОН ФИЛИАЛИ'),
(488, '00488', 'Г.АХАHГАРАH,АХАHГАРАHСКОЕ ОТД.\"ТАДБИРКОРБАНК\"                                ТКБ'),
(489, '00489', 'БЕКОБОД Ш., \"ИПОТЕКА-БАНК\" АТИБ БЕКОБОД ФИЛИАЛИ'),
(490, '00490', 'ТОШКЕНТ Ш., АТ САНОАТ-КУРИЛИШ БАНКИНИНГ TОШКЕНТ ВИЛОЯТ МИНТАКАВИЙ ФИЛИАЛИ'),
(491, '00491', 'ТОШКЕНТ Ш., \"ТРАСТБАНК\" ХАБ БАНКИНИНГ БОШ ОФИСИ'),
(492, '00492', 'Г.ТАШКЕHТ,ТАШКЕHТСКОЕ ОТД.\"УЗСАВДАГОРБАHКА\"                                  СГБ'),
(493, '00493', 'ФАРГОНА Ш., ТИФ МИЛЛИЙ БАНКИНИНГ ФАРГОНА БУЛИМИ'),
(494, '00494', 'ФАРГОНА Ш., АТ САНОАТ-КУРИЛИШ БАНКИНИНГ ФАРГОНА МИНТАКАВИЙ ФИЛИАЛИ'),
(495, '00495', 'ФАРГОНА Ш., АТ \"ПАХТАБАНК\"НИНГ ФАРГОНА ВИЛОЯТ ХУДУДИЙ ФИЛИАЛИ'),
(496, '00496', 'ФАРГОНА Ш., \"МИКРОКРЕДИТБАНК\" АТБ ФАРГОНА ВИЛОЯТИ ФИЛИАЛИ'),
(497, '00497', 'ФАРГОНА Ш., ДТ ХАЛК БАНКИНИНГ ФАРГОНА ВИЛОЯТ ФИЛИАЛИ'),
(498, '00498', 'ФАРГОНА Ш., \"ТУРОН\" АТ БАНКИНИНГ ФАРГОНА ФИЛИАЛИ'),
(499, '00499', 'Г.ФЕРГОHА,ОТД.АК \"УЗМЕВАСАБЗАВОТБАHК\"                                        МСБ'),
(500, '00500', 'ФАРГОНА Ш., \"САВДОГАР\" АТ БАНКИНИНГ ФАРГОНА ВИЛОЯТ ФИЛИАЛИ'),
(501, '00501', 'ФАРГОНА Ш., \"ГАЛЛАБАНК\" РАТ БАНКИНИНГ ФАРГОНА ВИЛОЯТ БУЛИМИ'),
(502, '00502', 'ОЛТИАРИК Т., АТ \"ПАХТАБАНК\"НИНГ ОЛТИАРИК ФИЛИАЛИ'),
(503, '00503', 'Г.АЛТЫ-АРЫК,АЛТЫАРЫКСКОЕ ОТД.\"ТАДБИРКОРБАНК\"                                 ТКБ'),
(504, '00504', 'БОГДОД Т., АТ \"ПАХТАБАНК\"НИНГ БОГДОД ФИЛИАЛИ'),
(505, '00505', 'ПГТ.БАГДАД,БАГДАДСКОЕ ОТД.\"ТАДБИРКОРБАНК\"                                    ТКБ'),
(506, '00506', 'Г.БАГДАД, БАГДАДСКОЕ ОТД. БАНКА \"САВДОГАР\"                                   СГБ'),
(507, '00507', 'ФАРГОНА Т., АТ \"ПАХТАБАНК\"НИНГ ВОДИЛ ФИЛИАЛИ'),
(508, '00508', 'П.ВУАДИЛЬ,ВУАДИЛЬСКОЕ ОТД.\"ТАДБИРКОРБАНКА\"                                   ТКБ'),
(509, '00509', 'ФАРГОНА Т., \"САВДОГАР\" АТ БАНКИНИНГ ВОДИЛ БУЛИМИ'),
(510, '00510', 'ДАНГАРА Т., АТ \"ПАХТАБАНК\"НИНГ ДАНГАРА ФИЛИАЛИ'),
(511, '00511', 'УЧКУПРИК Т., АТ \"ПАХТАБАНК\"НИНГ УЧКУПРИК ФИЛИАЛИ'),
(512, '00512', 'УЧКУПРИК Т., \"ТАДБИРКОР\" АТ БАНКИНИНГ УЧКУПРИК БУЛИМИ'),
(513, '00513', 'БЕШАРИК Т., АТ \"ПАХТАБАНК\"НИНГ БЕШАРИК ФИЛИАЛИ'),
(514, '00514', 'Г.БАШАРЫК,БЕШАРЫКСКОЕ ОТД.\"ТАДБИРКОРБАНК\"                                    ТКБ'),
(515, '00515', 'ОХУНБОБОЕВ Т., АТ \"ПАХТАБАНК\"НИНГ КОРАКУШЧИ ФИЛИАЛИ'),
(516, '00516', 'Г.КАРАКУШЧИ,КАРАКУШЧИHСКОЕ ОТД.\"ТАДБИРКОРБАНК\"                               ТКБ'),
(517, '00517', 'КУВАСОЙ Ш., АТ \"ПАХТАБАНК\"НИНГ КУВАСОЙ ФИЛИАЛИ'),
(518, '00518', 'Г.КУВАСАЙ,КУВАСАЙСКОЕ ОТД.\"ТАДБИРКОРБАНК\"                                    ТКБ'),
(519, '00519', 'РИШТОН Т., АТ \"ПАХТАБАНК\"НИНГ РИШТОН ФИЛИАЛИ'),
(520, '00520', 'РИШТОН Т., \"МИКРОКРЕДИТБАНК\" АТБ РИШТОН ФИЛИАЛИ'),
(521, '00521', 'РИШТОН Т., \"САВДОГАР\" АТ БАНКИНИНГ РИШТОН БУЛИМИ'),
(522, '00522', 'ТОШЛОК Т., АТ \"ПАХТАБАНК\"НИНГ TОШЛОК ФИЛИАЛИ'),
(523, '00523', 'Г.ТАШЛАК,ТАШЛАКСКОЕ ОТД.\"ТАДБИРКОРБАНК\"                                      ТКБ'),
(524, '00524', 'ФАРГОНА Ш., АТ САНОАТ-КУРИЛИШ БАНКИНИНГ КИРГУЛИ ФИЛИАЛИ'),
(525, '00525', 'БУВАЙДА Т., АТ \"ПАХТАБАНК\"НИНГ ЯНГИКУРГОН ФИЛИАЛИ'),
(526, '00526', 'К.ЯHГИКУРГАH,ЯHГИКУРГАHСКОЕ ОТД.\"ТАДБИРКОРБАНК\"                              ТКБ'),
(527, '00527', 'МАРГИЛОН Ш., АТ САНОАТ-КУРИЛИШ БАНКИНИНГ МАРГИЛОН ФИЛИАЛИ'),
(528, '00528', 'МАРГИЛОН Ш., АТ \"ПАХТАБАНК\"НИНГ МАРГИЛОН ФИЛИАЛИ'),
(529, '00529', 'КУВА Т., АТ \"ПАХТАБАНК\"НИНГ КУВА ФИЛИАЛИ'),
(530, '00530', 'Г.КУВА,КУВИHСКОЕ ОТД.\"ТАДБИРКОРБАНК\"                                         ТКБ'),
(531, '00531', 'КУКОН Ш., АТ САНОАТ-КУРИЛИШ БАНКИНИНГ КУКОН ФИЛИАЛИ'),
(532, '00532', 'Г.КОКАHД,КОКАHДСКОЕ ОТД.\"ТАДБИРКОРБАНК\"                                      ТКБ'),
(533, '00533', 'УЗБЕКИСТОН Т., АТ \"ПАХТАБАНК\"НИНГ ЯЙПАН ФИЛИАЛИ'),
(534, '00534', 'Г.ЯЙПАH,ЯЙПАHСКОЕ ОТД.\"ТАДБИРКОРБАНК\"                                        ТКБ'),
(535, '00535', 'УЗБЕКИСТОН Т., \"САВДОГАР\" АТ БАНКИНИНГ ЯЙПАН БУЛИМИ'),
(536, '00536', 'МАРГИЛОН Ш., ТИФ МИЛЛИЙ БАНКИНИНГ МАРГИЛОН ФИЛИАЛИ'),
(537, '00537', 'МАРГИЛОН Ш., АТ \"ПАХТАБАНК\"НИНГ МАРГИЛОН УКУВ ФИЛИАЛИ'),
(538, '00538', 'ФАРГОНА Ш., \"ЗАМИН\" ДАИ БАНКИНИНГ ФАРГОНА ХУДУДИЙ ФИЛИАЛИ'),
(539, '00539', 'ФАРГОНА Ш., \"АСАКА\" ДАТ БАНКИНИНГ ФАРГОНА ВИЛОЯТ ФИЛИАЛИ'),
(540, '00540', 'Г.КУВА, КУВИHСКОЕ ОТД. БАНКА \"САВДОГАР\"                                      СГБ'),
(541, '00541', 'ЁЗЁВОН Т., АТ \"ПАХТАБАНК\"НИНГ ЁЗЁВОН ФИЛИАЛИ'),
(542, '00542', 'СУХ Т., АТ \"ПАХТАБАНК\"НИНГ СУХ ФИЛИАЛИ'),
(543, '00543', 'ФУРКАТ Т., АТ \"ПАХТАБАНК\"НИНГ ФУРКАТ ФИЛИАЛИ'),
(544, '00544', 'ФАРГОНА Ш., \"ИПОТЕКА-БАНК\" АТИБ ФАРГОНА ВИЛОЯТ ФИЛИАЛИ'),
(545, '00545', 'КУКОН Ш., ТИФ МИЛЛИЙ БАНКИНИНГ КУКОН БУЛИМИ'),
(546, '00546', 'КУКОН Ш., АТ \"ПАХТАБАНК\"НИНГ КУКОН ФИЛИАЛИ'),
(547, '00547', 'УРГАНЧ Ш., ТИФ МИЛЛИЙ БАНКИНИНГ УРГАНЧ БУЛИМИ'),
(548, '00548', 'УРГАНЧ Ш., АТ \"ПАХТАБАНК\"НИНГ XОРАЗМ ВИЛОЯТ ХУДУДИЙ ФИЛИАЛИ'),
(549, '00549', 'УРГАНЧ Ш., \"МИКРОКРЕДИТБАНК\" АТБ XОРАЗМ ВИЛОЯТИ ФИЛИАЛИ'),
(550, '00550', 'Г.УРГЕHЧ,АКЦ.КОМ.ОТД.\"УЗМЕВАСАБЗАВОТБАHКА\"                                   МСБ'),
(551, '00551', 'УРГАНЧ Ш., \"ТУРОН\" АТ БАНКИНИНГ XОРАЗМ БУЛИМИ'),
(552, '00552', 'УРГАНЧ Ш., \"САВДОГАР\" АТ БАНКИНИНГ XОРАЗМ ВИЛОЯТ БУЛИМИ'),
(553, '00553', 'УРГАНЧ Ш., \"ГАЛЛАБАНК\" РАТ БАНКИНИНГ XОРАЗМ ВИЛОЯТ БУЛИМИ'),
(554, '00554', 'ГУРЛАН Т., АТ \"ПАХТАБАНК\"НИНГ ГУРЛАН ФИЛИАЛИ'),
(555, '00555', 'Г.ГУРЛЕH,ГУРЛЕHСКОЕ ОТД. \"ТАДБИРКОРБАНК\"                                     ТКБ'),
(556, '00556', 'БОГОТ Т., АТ \"ПАХТАБАНК\"НИНГ БОГОТ ФИЛИАЛИ'),
(557, '00557', 'БОГОТ Т., \"МИКРОКРЕДИТБАНК\" АТБ БОГОТ ФИЛИАЛИ'),
(558, '00558', 'ХОЗАРАСП Т., АТ \"ПАХТАБАНК\"НИНГ XОЗАРАСП ФИЛИАЛИ'),
(559, '00559', 'Г.ХАЗАРАСП,ХАЗАРАСПСКОЕ ОТД.\"ТАДБИРКОРБАНК\"                                  ТКБ'),
(560, '00560', 'ХОНКА Т., АТ \"ПАХТАБАНК\"НИНГ XОНКА ФИЛИАЛИ'),
(561, '00561', 'Г.ХАHКА,ХАHКИHСКОЕ ОТД.\"ТАДБИРКОРБАНК\"                                       ТКБ'),
(562, '00562', 'ХОНКА Т., \"ГАЛЛАБАНК\" РАТ БАНКИНИНГ XОНКА БУЛИМИ'),
(563, '00563', 'ЯНГИАРИК Т., АТ \"ПАХТАБАНК\"НИНГ ЯНГИАРИК ФИЛИАЛИ'),
(564, '00564', 'Г.ЯHГИАРЫК,ЯHГИАРЫКСКОЕ ОТД.\"ТАДБИРКОРБАНК\"                                  ТКБ'),
(565, '00565', 'КУШКУПИР Т., АТ \"ПАХТАБАНК\"НИНГ КУШКУПИР ФИЛИАЛИ'),
(566, '00566', 'Г.КОШКУПЫР,КОШКУПЫРСКОЕ ОТД.\"ТАДБИРКОРБАНК\"                                  ТКБ'),
(567, '00567', 'ШОВОТ Т., АТ \"ПАХТАБАНК\"НИНГ ШОВОТ ФИЛИАЛИ'),
(568, '00568', 'ШОВОТ Т., \"МИКРОКРЕДИТБАНК\" АТБ ШОВОТ ФИЛИАЛИ'),
(569, '00569', 'УРГАНЧ Т., АТ \"ПАХТАБАНК\"НИНГ КОРАУЛ ФИЛИАЛИ'),
(570, '00570', 'УРГАНЧ Т., \"МИКРОКРЕДИТБАНК\" АТБ КОРОВУЛ ФИЛИАЛИ'),
(571, '00571', 'Г.ДРУЖБА,ДУСТЛИКСКОЕ ОТД.\"УЗПРОМСТРОЙБАНК\"                                   ПСБ'),
(572, '00572', 'ХОЗАРАСП Т., АТ \"ПАХТАБАНК\"НИНГ ПИТНАК ФИЛИАЛИ'),
(573, '00573', 'Г.ДРУЖБА,ДРУЖБИHСКОЕ ОТД.\"ТАДБИРКОРБАНК\"                                     ТКБ'),
(574, '00574', 'ЯНГИБОЗОР Т., АТ \"ПАХТАБАНК\"НИНГ ЯНГИБОЗОР ФИЛИАЛИ'),
(575, '00575', 'Г.ЯHГИБАЗАР,ЯHГИБАЗАРСКОЕ ОТД.\"ТАДБИРКОРБАНК\"                                ТКБ'),
(576, '00576', 'ХИВА Т., АТ САНОАТ-КУРИЛИШ БАНКИНИНГ XИВА ФИЛИАЛИ'),
(577, '00577', 'ХИВА Т., АТ \"ПАХТАБАНК\"НИНГ XИВА ФИЛИАЛИ'),
(578, '00578', 'ХИВА Т., \"МИКРОКРЕДИТБАНК\" АТБ XИВА ФИЛИАЛИ'),
(579, '00579', 'УРГАНЧ Ш., \"ИПОТЕКА-БАНК\" АТИБ XОРАЗМ ВИЛОЯТ ФИЛИАЛИ'),
(580, '00580', 'УРГАНЧ Ш., \"ИПОТЕКА-БАНК\" АТИБ \"ТИНЧЛИК\" ФИЛИАЛИ'),
(581, '00581', 'УРГАНЧ Ш., \"АСАКА\" ДАТ БАНКИНИНГ XОРАЗМ ВИЛОЯТ ФИЛИАЛИ'),
(582, '00582', 'НУКУС Ш., ТИФ МИЛЛИЙ БАНКИНИНГ КОРАКОЛПОГИСТОН БУЛИМИ'),
(583, '00583', 'НУКУС Ш., АТ \"ПАХТАБАНК\"НИНГ КОРАКАЛПОГИСТОН РЕСПУБЛИКАСИ ХУДУДИЙ ФИЛИАЛИ'),
(584, '00584', 'НУКУС Ш., \"МИКРОКРЕДИТБАНК\" АТБ КОРАКАЛПОГИСТОН РЕСПУБЛИКАСИ ФИЛИАЛИ'),
(585, '00585', 'НУКУС Ш., \"ТУРОН\" АТ БАНКИНИНГ НУКУС ФИЛИАЛИ'),
(586, '00586', 'Г.HУКУС,\"УЗМЕВАСАБЗАВОТБАHК\"                                                 МСБ'),
(587, '00587', 'Г.HУКУС, КАРАКАЛПАКСКОЕ ОТД. БАНКА \"САВДОГАР\"                                СГБ'),
(588, '00588', 'НУКУС Ш., \"ГАЛЛАБАНК\" РАТ БАНКИНИНГ КОРАКАЛПОГИСТОН МИНТАКАВИЙ ФИЛИАЛИ'),
(589, '00589', 'КЕГЕЙЛИ Т., АТ \"ПАХТАБАНК\"НИНГ КЕГЕЙЛИ ФИЛИАЛИ'),
(590, '00590', 'ШУМАНАЙ Т., АТ \"ПАХТАБАНК\"НИНГ ШУМАНАЙ ФИЛИАЛИ'),
(591, '00591', 'КУНГИРОТ Т., АТ САНОАТ-КУРИЛИШ БАНКИНИНГ КУНГИРОТ ФИЛИАЛИ'),
(592, '00592', 'КУНГИРОТ Т., АТ \"ПАХТАБАНК\"НИНГ КУНГИРОТ ФИЛИАЛИ'),
(593, '00593', 'Г.КУHГРАД,\"УЗСАВДОГАРБАHК\"                                                   СГБ'),
(594, '00594', 'МУЙНОК Т., АТ \"ПАХТАБАНК\"НИНГ МУЙНОК ФИЛИАЛИ'),
(595, '00595', 'НУКУС Т., АТ \"ПАХТАБАНК\"НИНГ ОКМАНГИТ ФИЛИАЛИ'),
(596, '00596', 'ПГТ.АКМАHГИТ,АКМАHГИТСКОЕ ОТД. \"ТАДБИРКОРБАНК\"                               ТКБ'),
(597, '00597', 'ТАХТАКУПИР Т., АТ \"ПАХТАБАНК\"НИНГ TАХТАКУПИР ФИЛИАЛИ'),
(598, '00598', 'ТУРТКУЛ Т., АТ \"ПАХТАБАНК\"НИНГ TУРТКУЛ ФИЛИАЛИ'),
(599, '00599', 'ТУРТКУЛ Т., \"МИКРОКРЕДИТБАНК\" АТБ TУРТКУЛ ФИЛИАЛИ'),
(600, '00600', 'ТУРТКУЛ Т., \"САВДОГАР\" АТ БАНКИНИНГ TУРТКУЛ БУЛИМИ'),
(601, '00601', 'Г.ТУРТКУЛЬ,ТУРКУЛЬСКОЕ ОТД.\"ГАЛЛАБАHК\"                                       ГЛБ'),
(602, '00602', 'ХУЖАЙЛИ Т., АТ \"ПАХТАБАНК\"НИНГ XУЖАЙЛИ ФИЛИАЛИ'),
(603, '00603', 'ХУЖАЙЛИ Т., \"ТАДБИРКОР\" АТ БАНКИНИНГ XОДЖЕЙЛИ БУЛИМИ'),
(604, '00604', 'ХУЖАЙЛИ Т., \"САВДОГАР\" АТ БАНКИНИНГ XУЖАЙЛИ БУЛИМИ'),
(605, '00605', 'ЧИМБОЙ Т., АТ \"ПАХТАБАНК\"НИНГ ЧИМБОЙ ФИЛИАЛИ'),
(606, '00606', 'Г.ЧИМБАЙ,\"УЗСАВДОГАРБАHК\"                                                    СГБ'),
(607, '00607', 'БЕРУНИЙ Т., АТ \"ПАХТАБАНК\"НИНГ БЕРУНИЙ ФИЛИАЛИ'),
(608, '00608', 'Г.БЕРУHИ,БЕРУHИЙСКОЕ ОТД. \"ТАДБИРКОРБАНК\"                                    ТКБ'),
(609, '00609', 'КОНЛИКУЛ Т., АТ \"ПАХТАБАНК\"НИНГ КОНЛИКУЛ ФИЛИАЛИ'),
(610, '00610', 'ПГТ.КАHЛЫКУЛЬ,КАHЛЫКУЛЬСКОЕ ОТД. \"ТАДБИРКОРБАНК\"                             ТКБ'),
(611, '00611', 'КУНГИРОТ Т., \"ГАЛЛАБАНК\" РАТ БАНКИНИНГ КУНГИРОТ ФИЛИАЛИ'),
(612, '00612', 'КОРАУЗАК Т., АТ \"ПАХТАБАНК\"НИНГ КОРАУЗАК ФИЛИАЛИ'),
(613, '00613', 'ПГТ.КАРАУЗЯК,КАРАУЗЯКСКОЕ ОТД. \"ТАДБИРКОРБАНК\"                               ТКБ'),
(614, '00614', 'ЭЛЛИККАЛЪА Т., АТ \"ПАХТАБАНК\"НИНГ БУСТОН ФИЛИАЛИ'),
(615, '00615', 'Г.БУСТАH,БУСТАHСКОЕ ОТД. \"ТАДБИРКОРБАНК\"                                     ТКБ'),
(616, '00616', 'ТАХИАТОШ Ш., АТ САНОАТ-КУРИЛИШ БАНКИНИНГ TАХИАТОШ ФИЛИАЛИ'),
(617, '00617', 'ТАХИАТОШ Ш., АТ \"ПАХТАБАНК\"НИНГ TАХИАТОШ ФИЛИАЛИ'),
(618, '00618', 'КЕГЕЙЛИ Т., АТ \"ПАХТАБАНК\"НИНГ КОЗОНКЕТКЕН ФИЛИАЛИ'),
(619, '00619', 'АМУДАРЁ Т., АТ \"ПАХТАБАНК\"НИНГ МАНГИТ ФИЛИАЛИ'),
(620, '00620', 'АМУДАРЁ Т., \"МИКРОКРЕДИТБАНК\" АТБ МАНГИТ ФИЛИАЛИ'),
(621, '00621', 'НУКУС Ш., \"ИПОТЕКА-БАНК\" АТИБ КОРАКАЛПОГИСТОН РЕСПУБЛИКАСИ ФИЛИАЛИ'),
(622, '00622', 'ХУЖАЙЛИ Т., ТИФ МИЛЛИЙ БАНКИНИНГ XУЖАЙЛИ ФИЛИАЛИ'),
(623, '00623', 'НУКУС Ш., АТ \"АЛОКАБАНК\"НИНГ КОРАКАЛПОГИСТОН ФИЛИАЛИ'),
(624, '00624', 'НУКУС Ш., \"ЗАМИН\" ДАИ БАНКИНИНГ КОРАКАЛПОГИСТОН ХУДУДИЙ ФИЛИАЛИ'),
(625, '00625', 'НУКУС Ш., \"АСАКА\" ДАТ БАНКИНИНГ КОРАКАЛПОГИСТОН ФИЛИАЛИ'),
(626, '00626', 'ЧИМБОЙ Т., \"ГАЛЛАБАНК\" РАТ БАНКИНИНГ ЧИМБОЙ БУЛИМИ'),
(627, '00627', 'СИРДАРЁ Т., \"ИПОТЕКА-БАНК\" АТИБ БАХТ ФИЛИАЛИ'),
(628, '00628', 'БУЗ Т., ДТ ХАЛК БАНКИНИНГ БУЗ ФИЛИАЛИ'),
(629, '00630', 'КУКОН Ш., \"ГАЛЛАБАНК\" РАТ БАНКИНИНГ КУКОН БУЛИМИ'),
(630, '00631', 'КУКОН Ш., \"АСАКА\" ДАТ БАНКИНИНГ КУКОН ФИЛИАЛИ'),
(631, '00632', 'ФАРГОНА Ш., ДТ ХАЛК БАНКИНИНГ КИРГУЛИ ФИЛИАЛИ'),
(632, '00633', 'ТУРТКУЛ Т., ДТ ХАЛК БАНКИНИНГ TУРТКУЛ ФИЛИАЛИ'),
(633, '00634', 'АМУДАРЁ Т., ДТ ХАЛК БАНКИНИНГ АМУДАРЁ ФИЛИАЛИ'),
(634, '00635', 'ЧИМБОЙ Т., ДТ ХАЛК БАНКИНИНГ ЧИМБОЙ ФИЛИАЛИ'),
(635, '00636', 'БЕРУНИЙ Т., ДТ ХАЛК БАНКИНИНГ БЕРУНИЙ ФИЛИАЛИ'),
(636, '00637', 'МУЙНОК Т., ДТ ХАЛК БАНКИНИНГ МУЙНОК ФИЛИАЛИ'),
(637, '00638', 'НУКУС Ш., ДТ ХАЛК БАНКИНИНГ КОРАКОЛПОГИСТОН РЕСПУБЛИКАСИ ФИЛИАЛИ'),
(638, '00639', 'КУНГИРОТ Т., ДТ ХАЛК БАНКИНИНГ КУНГИРОТ ФИЛИАЛИ'),
(639, '00640', 'КЕГЕЙЛИ Т., ДТ ХАЛК БАНКИНИНГ КЕГЕЙЛИ ФИЛИАЛИ'),
(640, '00641', 'ТАХТАКУПИР Т., ДТ ХАЛК БАНКИНИНГ TАХТАКУПИР ФИЛИАЛИ'),
(641, '00642', 'ШУМАНАЙ Т., ДТ ХАЛК БАНКИНИНГ ШУМАНАЙ ФИЛИАЛИ'),
(642, '00643', 'ТАХИАТОШ Ш., ДТ ХАЛК БАНКИНИНГ TАХИАТОШ ФИЛИАЛИ'),
(643, '00644', 'КОНЛИКУЛ Т., ДТ ХАЛК БАНКИНИНГ КОНЛИКУЛ ФИЛИАЛИ'),
(644, '00645', 'КОРАУЗАК Т., ДТ ХАЛК БАНКИНИНГ КОРАУЗАК ФИЛИАЛИ'),
(645, '00646', 'ЭЛЛИККАЛЪА Т., ДТ ХАЛК БАНКИНИНГ ЭЛЛИККАЛЪА ФИЛИАЛИ'),
(646, '00647', 'НУКУС Т., ДТ ХАЛК БАНКИНИНГ ОКМАНГИТ ФИЛИАЛИ'),
(647, '00648', 'ПГТ.КАЗАНКЕНТ,КАЗАНКЕНТСКОЕ (БОЗАТАУССКОЕ) ОТД. N8675 НАРОДНОГО БАНКА        ХЛБ'),
(648, '00649', 'АНДИЖОН Ш., ДТ ХАЛК БАНКИНИНГ АНДИЖОН ВИЛОЯТ ФИЛИАЛИ'),
(649, '00650', 'АСАКА Ш., ДТ ХАЛК БАНКИНИНГ АСАКА ФИЛИАЛИ'),
(650, '00651', 'ШАХРИХОН Т., ДТ ХАЛК БАНКИНИНГ ШАХРИХОН ФИЛИАЛИ');
INSERT INTO `bank` (`id`, `mfo`, `name`) VALUES
(651, '00652', 'МАРХАМАТ Т., ДТ ХАЛК БАНКИНИНГ МАРХАМАТ ФИЛИАЛИ'),
(652, '00653', 'ЖАЛОЛКУДУК Т., ДТ ХАЛК БАНКИНИНГ ЖАЛОЛКУДУК ФИЛИАЛИ'),
(653, '00654', 'ИЗБОСКАН Т., ДТ ХАЛК БАНКИНИНГ ИЗБОСКАН ФИЛИАЛИ'),
(654, '00655', 'БАЛИКЧИ Т., ДТ ХАЛК БАНКИНИНГ БАЛИКЧИ ФИЛИАЛИ'),
(655, '00656', 'ХУЖАОБОД Т., ДТ ХАЛК БАНКИНИНГ XУЖАОБОД ФИЛИАЛИ'),
(656, '00657', 'ПАХТАОБОД Т., ДТ ХАЛК БАНКИНИНГ ПАХТАОБОД ФИЛИАЛИ'),
(657, '00658', 'АНДИЖОН Т., ДТ ХАЛК БАНКИНИНГ КУЙГАНЁР ФИЛИАЛИ'),
(658, '00659', 'КУРГОНТЕПА Т., ДТ ХАЛК БАНКИНИНГ КУРГОНТЕПА ФИЛИАЛИ'),
(659, '00660', 'ХОНОБОД Ш., ДТ ХАЛК БАНКИНИНГ XОНОБОД ФИЛИАЛИ'),
(660, '00661', 'С.АКАЛТЫН,УЛУГНОРСКОЕ ОТД. N8125 НАРОДНОГО БАНКА                             ХЛБ'),
(661, '00662', 'ОЛТИНКУЛ Т., ДТ ХАЛК БАНКИНИНГ ОЛТИНКУЛ ФИЛИАЛИ'),
(662, '00663', 'КУРГОНТЕПА Т., ДТ ХАЛК БАНКИНИНГ КОРАСУВ ФИЛИАЛИ'),
(663, '00664', 'БУЛОКБОШИ Т., ДТ ХАЛК БАНКИНИНГ БУЛОКБОШИ ФИЛИАЛИ'),
(664, '00665', 'КОГОН Ш., ДТ ХАЛК БАНКИНИНГ КОГОН ФИЛИАЛИ'),
(665, '00666', 'ГИЖДУВОН Т., ДТ ХАЛК БАНКИНИНГ ГИЖДУВОН ФИЛИАЛИ'),
(666, '00667', 'КОРАКУЛ Т., ДТ ХАЛК БАНКИНИНГ КОРАКУЛ ФИЛИАЛИ'),
(667, '00668', 'ВОБКЕНТ Т., ДТ ХАЛК БАНКИНИНГ ВОБКЕНТ ФИЛИАЛИ'),
(668, '00669', 'РОМИТОН Т., ДТ ХАЛК БАНКИНИНГ РОМИТОН ФИЛИАЛИ'),
(669, '00670', 'ШОФИРКОН Т., ДТ ХАЛК БАНКИНИНГ ШОФИРКОН ФИЛИАЛИ'),
(670, '00671', 'ЖОНДОР Т., ДТ ХАЛК БАНКИНИНГ ЖОНДОР ФИЛИАЛИ'),
(671, '00672', 'БУХОРО Т., ДТ ХАЛК БАНКИНИНГ ГАЛАОСИЁ ФИЛИАЛИ'),
(672, '00673', 'ОЛОТ Т., ДТ ХАЛК БАНКИНИНГ ОЛОТ ФИЛИАЛИ'),
(673, '00674', 'ПЕШКУН Т., ДТ ХАЛК БАНКИНИНГ ПЕШКУН ФИЛИАЛИ'),
(674, '00675', 'ЗОМИН Т., ДТ ХАЛК БАНКИНИНГ ЗОМИН ФИЛИАЛИ'),
(675, '00676', 'ЖИЗЗАХ Ш., ДТ ХАЛК БАНКИНИНГ ЖИЗЗАХ ВИЛОЯТ ФИЛИАЛИ'),
(676, '00677', 'ГАЛЛАОРОЛ Т., ДТ ХАЛК БАНКИНИНГ ГАЛЛАОРОЛ ФИЛИАЛИ'),
(677, '00678', 'ФОРИШ Т., ДТ ХАЛК БАНКИНИНГ ФОРИШ ФИЛИАЛИ'),
(678, '00679', 'МИРЗАЧУЛ Т., ДТ ХАЛК БАНКИНИНГ МИРЗАЧУЛ ФИЛИАЛИ'),
(679, '00680', 'ПАХТАКОР Т., ДТ ХАЛК БАНКИНИНГ ПАХТАКОР ФИЛИАЛИ'),
(680, '00681', 'БАХМАЛ Т., ДТ ХАЛК БАНКИНИНГ БАХМАЛ ФИЛИАЛИ'),
(681, '00682', 'ДУСТЛИК Т., ДТ ХАЛК БАНКИНИНГ ДУСТЛИК ФИЛИАЛИ'),
(682, '00683', 'АРНАСОЙ Т., ДТ ХАЛК БАНКИНИНГ АРНАСОЙ ФИЛИАЛИ'),
(683, '00684', 'ЖИЗЗАХ Т., ДТ ХАЛК БАНКИНИНГ УЧТЕПА ФИЛИАЛИ'),
(684, '00685', 'ЗАРБДОР Т., ДТ ХАЛК БАНКИНИНГ ЗАРБДОР ФИЛИАЛИ'),
(685, '00686', 'ЗАФАРОБОД Т., ДТ ХАЛК БАНКИНИНГ ЗАФАРОБОД ФИЛИАЛИ'),
(686, '00687', 'КАРШИ Ш., ДТ ХАЛК БАНКИНИНГ КАШКАДАРЁ ВИЛОЯТ ФИЛИАЛИ'),
(687, '00688', 'КОСОН Т., ДТ ХАЛК БАНКИНИНГ КОСОН ФИЛИАЛИ'),
(688, '00689', 'ЧИРОКЧИ Т., ДТ ХАЛК БАНКИНИНГ ЧИРОКЧИ ФИЛИАЛИ'),
(689, '00690', 'ШАХРИСАБЗ Т., ДТ ХАЛК БАНКИНИНГ ШАХРИСАБЗ ФИЛИАЛИ'),
(690, '00691', 'ЯККАБОГ Т., ДТ ХАЛК БАНКИНИНГ ЯККАБОГ ФИЛИАЛИ'),
(691, '00692', 'ГУЗОР Т., ДТ ХАЛК БАНКИНИНГ ГУЗОР ФИЛИАЛИ'),
(692, '00693', 'ДЕХКОНОБОД Т., ДТ ХАЛК БАНКИНИНГ ДЕХКОНОБОД ФИЛИАЛИ'),
(693, '00694', 'КИТОБ Т., ДТ ХАЛК БАНКИНИНГ КИТОБ ФИЛИАЛИ'),
(694, '00695', 'КАРШИ Т., ДТ ХАЛК БАНКИНИНГ БЕШКЕНТ ФИЛИАЛИ'),
(695, '00696', 'КАМАШИ Т., ДТ ХАЛК БАНКИНИНГ КАМАШИ ФИЛИАЛИ'),
(696, '00697', 'КАСБИ Т., ДТ ХАЛК БАНКИНИНГ КАСБИ ФИЛИАЛИ'),
(697, '00698', 'НИШОН Т., ДТ ХАЛК БАНКИНИНГ НИШОН ФИЛИАЛИ'),
(698, '00699', 'МИРИШКОР Т., ДТ ХАЛК БАНКИНИНГ МИРИШКОР ФИЛИАЛИ'),
(699, '00700', 'МУБОРАК Т., ДТ ХАЛК БАНКИНИНГ МУБОРАК ФИЛИАЛИ'),
(700, '00701', 'П.ПОМУГ, БАХОРИСТАНСКОЕ ОТД. N8678 НАРОДНОГО БАНКА                           ХЛБ'),
(701, '00702', 'НУРОТА Ш., ДТ ХАЛК БАНКИНИНГ НУРОТА ФИЛИАЛИ'),
(702, '00703', 'КАРМАНА Т., ДТ ХАЛК БАНКИНИНГ НАВОИЙ ВИЛОЯТ ФИЛИАЛИ'),
(703, '00704', 'ХАТИРЧИ Т., ДТ ХАЛК БАНКИНИНГ XАТИРЧИ ФИЛИАЛИ'),
(704, '00705', 'ПГТ КАНИМЕХ,КАНИМЕХСКОЕ ОТД. N3612 НАРОДНОГО БАНКА                           ХЛБ'),
(705, '00706', 'КИЗИЛТЕПА Т., ДТ ХАЛК БАНКИНИНГ КИЗИЛТЕПА ФИЛИАЛИ'),
(706, '00707', 'ТОМДИ Т., ДТ ХАЛК БАНКИНИНГ TОМДИ ФИЛИАЛИ'),
(707, '00708', 'НАВОИЙ Ш., ДТ ХАЛК БАНКИНИНГ НАВОИЙ ШАХАР ФИЛИАЛИ'),
(708, '00709', 'ЗАРАФШОН Ш., ДТ ХАЛК БАНКИНИНГ ЗАРАФШОН ФИЛИАЛИ'),
(709, '00710', 'НАВБАХОР Т., ДТ ХАЛК БАНКИНИНГ НАВБАХОР ФИЛИАЛИ'),
(710, '00711', 'НАМАНГАН Ш., ДТ ХАЛК БАНКИНИНГ НАМАНГАН ВИЛОЯТ ФИЛИАЛИ'),
(711, '00712', 'ЯНГИКУРГОН Т., ДТ ХАЛК БАНКИНИНГ ЯНГИКУРГОН ФИЛИАЛИ'),
(712, '00713', 'МИНГБУЛОК Т., ДТ ХАЛК БАНКИНИНГ МИНГБУЛОК ФИЛИАЛИ'),
(713, '00714', 'ПОП Т., ДТ ХАЛК БАНКИНИНГ ПОП ФИЛИАЛИ'),
(714, '00715', 'ЧУСТ Т., ДТ ХАЛК БАНКИНИНГ ЧУСТ ФИЛИАЛИ'),
(715, '00716', 'УЙЧИ Т., ДТ ХАЛК БАНКИНИНГ УЙЧИ ФИЛИАЛИ'),
(716, '00717', 'УЧКУРГОН Т., ДТ ХАЛК БАНКИНИНГ УЧКУРГОН ФИЛИАЛИ'),
(717, '00718', 'КОСОНСОЙ Т., ДТ ХАЛК БАНКИНИНГ КОСОНСОЙ ФИЛИАЛИ'),
(718, '00719', 'ТУРАКУРГОН Т., ДТ ХАЛК БАНКИНИНГ TУРАКУРГОН ФИЛИАЛИ'),
(719, '00720', 'НАМАНГАН Т., ДТ ХАЛК БАНКИНИНГ TОШБУЛОК ФИЛИАЛИ'),
(720, '00721', 'ЧОРТОК Т., ДТ ХАЛК БАНКИНИНГ ЧОРТОК ФИЛИАЛИ'),
(721, '00722', 'НОРИН Т., ДТ ХАЛК БАНКИНИНГ НОРИН ФИЛИАЛИ'),
(722, '00723', '79, Опер. отд. облуправления                                                 ХЛБ'),
(723, '00724', 'САМАРКАНД Ш., ДТ ХАЛК БАНКИНИНГ БОГИШАМОЛ ФИЛИАЛИ'),
(724, '00725', 'КАТТАКУРГОН Ш., ДТ ХАЛК БАНКИНИНГ КАТТАКУРГОН ФИЛИАЛИ'),
(725, '00726', 'ПОЙАРИК Т., ДТ ХАЛК БАНКИНИНГ ПОЙАРИК ФИЛИАЛИ'),
(726, '00727', 'БУЛУНГУР Т., ДТ ХАЛК БАНКИНИНГ БУЛУНГУР ФИЛИАЛИ'),
(727, '00728', 'ОКДАРЁ Т., ДТ ХАЛК БАНКИНИНГ ОКДАРЁ ФИЛИАЛИ'),
(728, '00729', 'ПАСТДАРГОМ Т., ДТ ХАЛК БАНКИНИНГ ПАСТДАРГОМ ФИЛИАЛИ'),
(729, '00730', 'УРГУТ Т., ДТ ХАЛК БАНКИНИНГ УРГУТ ФИЛИАЛИ'),
(730, '00731', 'НАРПАЙ Т., ДТ ХАЛК БАНКИНИНГ НАРПАЙ ФИЛИАЛИ'),
(731, '00732', 'ЖОМБОЙ Т., ДТ ХАЛК БАНКИНИНГ ЖОМБОЙ ФИЛИАЛИ'),
(732, '00733', 'ПАХТАЧИ Т., ДТ ХАЛК БАНКИНИНГ ПАХТАЧИ ФИЛИАЛИ'),
(733, '00734', 'САМАРКАНД Т., ДТ ХАЛК БАНКИНИНГ САМАРКАНД ФИЛИАЛИ'),
(734, '00735', 'ИШТИХОН Т., ДТ ХАЛК БАНКИНИНГ ИШТИХОН ФИЛИАЛИ'),
(735, '00736', 'САМАРКАНД Ш., ДТ ХАЛК БАНКИНИНГ TЕМИРЙУЛ ФИЛИАЛИ'),
(736, '00737', 'КАТТАКУРГОН Т., ДТ ХАЛК БАНКИНИНГ ПАЙШАНБА ФИЛИАЛИ'),
(737, '00738', 'САМАРКАНД Ш., ДТ ХАЛК БАНКИНИНГ СИЁБ ФИЛИАЛИ'),
(738, '00739', 'КУШРАБОД Т., ДТ ХАЛК БАНКИНИНГ КУШРАБОД ФИЛИАЛИ'),
(739, '00740', 'НУРОБОД Т., ДТ ХАЛК БАНКИНИНГ НУРОБОД ФИЛИАЛИ'),
(740, '00741', 'ПОЙАРИК Т., ДТ ХАЛК БАНКИНИНГ ЧЕЛАК ФИЛИАЛИ'),
(741, '00742', 'ТОЙЛОК Т., ДТ ХАЛК БАНКИНИНГ TОЙЛОК ФИЛИАЛИ'),
(742, '00743', 'ПГТ.ГУЗАЛКЕНТ, ГУЗАЛКЕНТСКОЕ ОТД. N8661 НАРОДНОГО БАНКА                      ХЛБ'),
(743, '00744', 'ТЕРМИЗ Ш., ДТ ХАЛК БАНКИНИНГ СУРХОНДАРЁ ВИЛОЯТ ФИЛИАЛИ'),
(744, '00745', 'УЗУН Т., ДТ ХАЛК БАНКИНИНГ УЗУН ФИЛИАЛИ'),
(745, '00746', 'БОЙСУН Т., ДТ ХАЛК БАНКИНИНГ БОЙСУН ФИЛИАЛИ'),
(746, '00747', 'ДЕНОВ Т., ДТ ХАЛК БАНКИНИНГ ДЕНОВ ФИЛИАЛИ'),
(747, '00748', 'ШЕРОБОД Т., ДТ ХАЛК БАНКИНИНГ ШЕРОБОД ФИЛИАЛИ'),
(748, '00749', 'ЖАРКУРГОН Т., ДТ ХАЛК БАНКИНИНГ ЖАРКУРГОН ФИЛИАЛИ'),
(749, '00750', 'ШУРЧИ Т., ДТ ХАЛК БАНКИНИНГ ШУРЧИ ФИЛИАЛИ'),
(750, '00751', 'АНГОР Т., ДТ ХАЛК БАНКИНИНГ АНГОР ФИЛИАЛИ'),
(751, '00752', 'МУЗРОБОД Т., ДТ ХАЛК БАНКИНИНГ МУЗРОБОД ФИЛИАЛИ'),
(752, '00753', 'КИЗИРИК Т., ДТ ХАЛК БАНКИНИНГ КИЗИРИК ФИЛИАЛИ'),
(753, '00754', 'КУМКУРГОН Т. ,ДТ ХАЛК БАНКИНИНГ КУМКУРГОН ФИЛИАЛИ'),
(754, '00755', 'ОЛТИНСОЙ Т., ДТ ХАЛК БАНКИНИНГ ОЛТИНСОЙ ФИЛИАЛИ'),
(755, '00756', 'ТЕРМИЗ Т., ДТ ХАЛК БАНКИНИНГ УЧКИЗИЛ ФИЛИАЛИ'),
(756, '00757', 'САРИОСИЁ Т., ДТ ХАЛК БАНКИНИНГ САРИОСИЁ ФИЛИАЛИ'),
(757, '00758', 'БАНДИХОН Т., ДТ ХАЛК БАНКИНИНГ БАНДИХОН ФИЛИАЛИ'),
(758, '00759', 'ГУЛИСТОН Ш., ДТ ХАЛК БАНКИНИНГ СИРДАРЁ ВИЛОЯТ ФИЛИАЛИ'),
(759, '00760', 'СИРДАРЁ Т., ДТ ХАЛК БАНКИНИНГ СИРДАРЁ ШАХАР ФИЛИАЛИ'),
(760, '00761', 'ЯНГИЕР Ш., ДТ ХАЛК БАНКИНИНГ ЯНГИЕР ФИЛИАЛИ'),
(761, '00762', 'БОЁВУТ Т., ДТ ХАЛК БАНКИНИНГ БОЁВУТ ФИЛИАЛИ'),
(762, '00763', 'САРДОБА Т., ДТ ХАЛК БАНКИНИНГ Ш.РАШИДОВ ФИЛИАЛИ'),
(763, '00764', 'ГУЛИСТОН Т., ДТ ХАЛК БАНКИНИНГ ГУЛИСТОН ФИЛИАЛИ'),
(764, '00765', 'САЙХУНОБОД Т., ДТ ХАЛК БАНКИНИНГ САЙХУНОБОД ФИЛИАЛИ'),
(765, '00766', 'ОКОЛТИН Т., ДТ ХАЛК БАНКИНИНГ ОКОЛТИН ФИЛИАЛИ'),
(766, '00767', 'МИРЗАОБОД Т., ДТ ХАЛК БАНКИНИНГ МИРЗАОБОД ФИЛИАЛИ'),
(767, '00768', 'Г.ШИРИН,ШИРИНСКОЕ ОТД. N8533 НАРОДНОГО БАНКА                                 ХЛБ'),
(768, '00769', 'ХОВОС Т., ДТ ХАЛК БАНКИНИНГ XОВОС ФИЛИАЛИ'),
(769, '00770', 'БУСТОНЛИК Т., ДТ ХАЛК БАНКИНИНГ БУСТОНЛИК ФИЛИАЛИ'),
(770, '00771', 'ЮКОРИЧИРЧИК Т., ДТ ХАЛК БАНКИНИНГ ЮКОРИЧИРЧИК ФИЛИАЛИ'),
(771, '00772', 'ОХАНГАРОН Ш., ДТ ХАЛК БАНКИНИНГ ОХАНГАРОН ФИЛИАЛИ'),
(772, '00773', 'КУЙИЧИРЧИК Т., ДТ ХАЛК БАНКИНИНГ ДУСТОБОД ФИЛИАЛИ'),
(773, '00774', 'ПСКЕНТ Т., ДТ ХАЛК БАНКИНИНГ ПСКЕНТ ФИЛИАЛИ'),
(774, '00775', 'УРТАЧИРЧИК Т., ДТ ХАЛК БАНКИНИНГ TУЙТЕПА ФИЛИАЛИ'),
(775, '00776', 'КИБРАЙ Т., ДТ ХАЛК БАНКИНИНГ КИБРАЙ ФИЛИАЛИ'),
(776, '00777', 'ЯНГИЙУЛ Ш., ДТ ХАЛК БАНКИНИНГ ЯНГИЙУЛ ФИЛИАЛИ'),
(777, '00778', 'ЗАНГИОТА Т., ДТ ХАЛК БАНКИНИНГ ЗАНГИОТА ФИЛИАЛИ'),
(778, '00779', 'ОККУРГОН Т., ДТ ХАЛК БАНКИНИНГ ОККУРГОН ФИЛИАЛИ'),
(779, '00780', 'ЧИНОЗ Т., ДТ ХАЛК БАНКИНИНГ ЧИНОЗ ФИЛИАЛИ'),
(780, '00781', 'ЧИРЧИК Ш., ДТ ХАЛК БАНКИНИНГ ЧИРЧИК ФИЛИАЛИ'),
(781, '00782', 'БУКА Т., ДТ ХАЛК БАНКИНИНГ БУКА ФИЛИАЛИ'),
(782, '00783', 'БЕКОБОД Ш., ДТ ХАЛК БАНКИНИНГ БЕКОБОД ФИЛИАЛИ'),
(783, '00784', 'АНГРЕН Ш., ДТ ХАЛК БАНКИНИНГ АНГРЕН ФИЛИАЛИ'),
(784, '00785', 'ОЛМАЛИК Ш., ДТ ХАЛК БАНКИНИНГ ОЛМАЛИК ФИЛИАЛИ'),
(785, '00786', 'ТОШКЕНТ Т., ДТ ХАЛК БАНКИНИНГ КЕЛЕС ФИЛИАЛИ'),
(786, '00787', 'БЕКОБОД Т., ДТ ХАЛК БАНКИНИНГ ЗАФАР ФИЛИАЛИ'),
(787, '00788', 'ПАРКЕНТ Т., ДТ ХАЛК БАНКИНИНГ ПАРКЕНТ ФИЛИАЛИ'),
(788, '00789', 'КУКОН Ш., ДТ ХАЛК БАНКИНИНГ КУКОН ФИЛИАЛИ'),
(789, '00790', 'МАРГИЛОН Ш., ДТ ХАЛК БАНКИНИНГ МАРГИЛОН ФИЛИАЛИ'),
(790, '00791', 'ФАРГОНА Ш., ДТ ХАЛК БАНКИНИНГ ФАРГОНА ШАХАР ФИЛИАЛИ'),
(791, '00792', 'УЗБЕКИСТОН Т., ДТ ХАЛК БАНКИНИНГ УЗБЕКИСТОН ФИЛИАЛИ'),
(792, '00793', 'БУВАЙДА Т., ДТ ХАЛК БАНКИНИНГ БУВАЙДА ФИЛИАЛИ'),
(793, '00794', 'БОГДОД Т., ДТ ХАЛК БАНКИНИНГ БОГДОД ФИЛИАЛИ'),
(794, '00795', 'РИШТОН Т., ДТ ХАЛК БАНКИНИНГ РИШТОН ФИЛИАЛИ'),
(795, '00796', 'ОЛТИАРИК Т., ДТ ХАЛК БАНКИНИНГ ОЛТИАРИК ФИЛИАЛИ'),
(796, '00797', 'БЕШАРИК Т., ДТ ХАЛК БАНКИНИНГ БЕШАРИК ФИЛИАЛИ'),
(797, '00798', 'ТОШЛОК Т., ДТ ХАЛК БАНКИНИНГ TОШЛОК ФИЛИАЛИ'),
(798, '00799', 'КУВА Т., ДТ ХАЛК БАНКИНИНГ КУВА ФИЛИАЛИ'),
(799, '00800', 'ДАНГАРА Т., ДТ ХАЛК БАНКИНИНГ ДАНГАРА ФИЛИАЛИ'),
(800, '00801', 'ФАРГОНА Т., ДТ ХАЛК БАНКИНИНГ ВОДИЛ ФИЛИАЛИ'),
(801, '00802', 'КУВАСОЙ Ш., ДТ ХАЛК БАНКИНИНГ КУВАСОЙ ФИЛИАЛИ'),
(802, '00803', 'ОХУНБОБОЕВ Т., ДТ ХАЛК БАНКИНИНГ ОХУНБОБОЕВ ФИЛИАЛИ'),
(803, '00804', 'УЧКУПРИК Т., ДТ ХАЛК БАНКИНИНГ УЧКУПРИК ФИЛИАЛИ'),
(804, '00805', 'ЁЗЁВОН Т., ДТ ХАЛК БАНКИНИНГ ЁЗЁВОН ФИЛИАЛИ'),
(805, '00806', 'СУХ Т., ДТ ХАЛК БАНКИНИНГ СУХ ФИЛИАЛИ'),
(806, '00807', 'ФУРКАТ Т., ДТ ХАЛК БАНКИНИНГ ФУРКАТ ФИЛИАЛИ'),
(807, '00808', 'УРГАНЧ Ш., ДТ ХАЛК БАНКИНИНГ XОРАЗМ ВИЛОЯТ ФИЛИАЛИ'),
(808, '00809', 'ГУРЛАН Т., ДТ ХАЛК БАНКИНИНГ ГУРЛАН ФИЛИАЛИ'),
(809, '00810', 'ШОВОТ Т., ДТ ХАЛК БАНКИНИНГ ШОВОТ ФИЛИАЛИ'),
(810, '00811', 'ХИВА Т., ДТ ХАЛК БАНКИНИНГ XИВА ФИЛИАЛИ'),
(811, '00812', 'ХОНКА Т., ДТ ХАЛК БАНКИНИНГ XОНКА ФИЛИАЛИ'),
(812, '00813', 'ХОЗАРаСП Т., ДТ ХАЛК БАНКИНИНГ XОЗАРАСП ФИЛИАЛИ'),
(813, '00814', 'ЯНГИАРИК Т., ДТ ХАЛК БАНКИНИНГ ЯНГИАРИК ФИЛИАЛИ'),
(814, '00815', 'КУШКУПИР Т., ДТ ХАЛК БАНКИНИНГ КУШКУПИР ФИЛИАЛИ'),
(815, '00816', 'БОГОТ Т., ДТ ХАЛК БАНКИНИНГ БОГОТ ФИЛИАЛИ'),
(816, '00817', 'УРГАНЧ Т., ДТ ХАЛК БАНКИНИНГ КОРАУЛ ФИЛИАЛИ'),
(817, '00818', 'ХОЗАРАСП Т., ДТ ХАЛК БАНКИНИНГ ПИТНАК ФИЛИАЛИ'),
(818, '00819', 'ЯНГИБОЗОР Т., ДТ ХАЛК БАНКИНИНГ ЯНГИБОЗОР ФИЛИАЛИ'),
(819, '00820', 'ТОШКЕНТ Ш., ДТ ХАЛК БАНКИНИНГ МИРОБОД ФИЛИАЛИ'),
(820, '00821', 'ТОШКЕНТ Ш., ДТ ХАЛК БАНКИНИНГ ТОШКЕНТ ШАХАР ФИЛИАЛИ'),
(821, '00822', 'ТОШКЕНТ Ш., ДТ ХАЛК БАНКИНИНГ МИРЗО УЛУГБЕК ФИЛИАЛИ'),
(822, '00823', 'ТОШКЕНТ Ш., ДТ ХАЛК БАНКИНИНГ ЮНУСОБОД ФИЛИАЛИ'),
(823, '00824', 'ТОШКЕНТ Ш., ДТ ХАЛК БАНКИНИНГ ЯККАСАРОЙ ФИЛИАЛИ'),
(824, '00825', 'ТОШКЕНТ Ш., ДТ ХАЛК БАНКИНИНГ ЧИЛОНЗОР ФИЛИАЛИ'),
(825, '00826', 'ТОШКЕНТ Ш., ДТ ХАЛК БАНКИНИНГ СИРГАЛИ ФИЛИАЛИ'),
(826, '00827', 'ТОШКЕНТ Ш., ДТ ХАЛК БАНКИНИНГ XАМЗА ФИЛИАЛИ'),
(827, '00828', 'ТОШКЕНТ Ш., ДТ ХАЛК БАНКИНИНГ СОБИР РАХИМОВ ФИЛИАЛИ'),
(828, '00829', 'ТОШКЕНТ Ш., ДТ ХАЛК БАНКИНИНГ А.ИКРОМОВ ФИЛИАЛИ'),
(829, '00830', 'ТОШКЕНТ Ш., ДТ ХАЛК БАНКИНИНГ БЕКТЕМИР ФИЛИАЛИ'),
(830, '00831', 'ТОШКЕНТ Ш., \"АБН АМРО БАНК УЗБЕКИСТОН МБ, ХЖ\" АТ БАНКИНИНГ БОШ ОФИСИ'),
(831, '00832', 'ТОШКЕНТ Ш., ТИФ МИЛЛИЙ БАНКИНИНГ TОШКЕНТ ВИЛОЯТ БУЛИМИ'),
(832, '00833', 'ХИВА Т., ТИФ МИЛЛИЙ БАНКИНИНГ XИВА ФИЛИАЛИ'),
(833, '00834', 'ЖИЗЗАХ Ш., \"ИПОТЕКА-БАНК\" АТИБ \"САНГЗОР\" ФИЛИАЛИ'),
(834, '00835', 'ТОШКЕНТ Ш., \"САВДОГАР\" АТ БАНКИНИНГ TОШКЕНТ ВИЛОЯТ ФИЛИАЛИ'),
(835, '00836', 'ТОШКЕНТ Ш., ТИФ МИЛЛИЙ БАНКИНИНГ ЮНУСОБОД ФИЛИАЛИ'),
(836, '00837', 'ТОШКЕНТ Ш., \"ИПОТЕКА-БАНК\" АТИБ ЮНУСОБОД ФИЛИАЛИ'),
(837, '00838', 'Г.ТЕРМЕЗ, СУРХАНДАРЬИНСКИЙ ТЕРРИТОРИАЛЬНЫЙ ФИЛИАЛ БАНКА \"ЗАМИН\"              ЗМБ'),
(838, '00839', 'ХУЖАЙЛИ Т., ДТ ХАЛК БАНКИНИНГ XУЖАЙЛИ ФИЛИАЛИ'),
(839, '00840', 'КАТТАКУРГОН Ш., ТИФ МИЛЛИЙ БАНКИНИНГ КАТТАКУРГОН ФИЛИАЛИ'),
(840, '00841', 'КУРГОНТЕПА Ш., ТИФ МИЛЛИЙ БАНКИНИНГ КУРГОНТЕПА ФИЛИАЛИ'),
(841, '00842', 'ТОШКЕНТ Ш., \"УЗКДББАНК\" ЁПИК АКЦИЯДОРЛИК ЖАМИЯТИ'),
(842, '00843', 'ЧУСТ Т., ТИФ МИЛЛИЙ БАНКИНИНГ ЧУСТ ФИЛИАЛИ'),
(843, '00844', 'МУБОРАК Т., ТИФ МИЛЛИЙ БАНКИНИНГ МУБОРАК ФИЛИАЛИ'),
(844, '00845', 'ДЕНОВ Т., ТИФ МИЛЛИЙ БАНКИНИНГ ДЕНОВ ФИЛИАЛИ'),
(845, '00846', 'TУРТКУЛ Т., ТИФ МИЛЛИЙ БАНКИНИНГ TУРТКУЛ ФИЛИАЛИ'),
(846, '00847', 'ТОШКЕНТ Ш., ТИФ МИЛЛИЙ БАНКИНИНГ XАМЗА ФИЛИАЛИ'),
(847, '00848', 'Г.НАМАНГАН, ОПЕР.ОТД. \"АМАЛИЕТ\" ОБЛУПРАВЛЕНИЯ НАРОДНОГО БАНКА                ХЛБ'),
(848, '00849', 'ГИЖДУВОН Т., ТИФ МИЛЛИЙ БАНКИНИНГ ГИЖДУВОН ФИЛИАЛИ'),
(849, '00850', 'ТОШКЕНТ Ш., \"ТРАСТБАНК\" ХАБ БАНКИНИНГ \"TОШКЕНТ\" ФИЛИАЛИ'),
(850, '00851', 'П.КОРАУЛ, ХОРЕЗМСКОЕ ОТД. РЕСП.АКЦИОН.-ИНВЕСТИЦ.\"УЗСАЕХАТИНВЕСТБАНК\"         СИБ'),
(851, '00852', 'ЯНГИЙУЛ Т., АТ \"ПАХТАБАНК\"НИНГ ГУЛБАХОР ФИЛИАЛИ'),
(852, '00853', 'УРГАНЧ Ш., АТ САНОАТ-КУРИЛИШ БАНКИНИНГ XОРАЗМ МИНТАКАВИЙ ФИЛИАЛИ'),
(853, '00854', 'КАРШИ Ш., АТ САНОАТ-КУРИЛИШ БАНКИНИНГ КАРШИ МИНТАКАВИЙ ФИЛИАЛИ'),
(854, '00855', 'ГУЛИСТОН Ш., АТ САНОАТ-КУРИЛИШ БАНКИНИНГ СИРДАРЁ МИНТАКАВИЙ ФИЛИАЛИ'),
(855, '00856', 'КУВАСОЙ Ш., ТИФ МИЛЛИЙ БАНКИНИНГ КУВАСОЙ ФИЛИАЛИ'),
(856, '00857', 'ТОШКЕНТ Ш., \"ПАРВИНА БАНК\" ХЁАТ БАНКИНИНГ TОШКЕНТ ШАХАР ФИЛИАЛИ'),
(857, '00858', 'Г.НУКУС, ОРОЛКУРИЛИШСКОЕ ОТД. \"ПАХТАБАНК\"                                    ПХБ'),
(858, '00859', 'ГУРЛАН Т., ТИФ МИЛЛИЙ БАНКИНИНГ ГУРЛАН ФИЛИАЛИ'),
(859, '00860', 'ХОЗАРАСП Т., ТИФ МИЛЛИЙ БАНКИНИНГ XОЗАРАСП ФИЛИАЛИ'),
(860, '00861', 'УРГАНЧ Ш., АТ \"АЛОКАБАНК\"НИНГ XОРАЗМ ФИЛИАЛИ'),
(861, '00862', 'БУХОРО Ш., АТ САНОАТ-КУРИЛИШ БАНКИНИНГ TУКИМАЧИЛИК ФИЛИАЛИ'),
(862, '00863', 'ЧИРЧИК Ш., АТ САНОАТ-КУРИЛИШ БАНКИНИНГ ЧИРЧИК ФИЛИАЛИ'),
(863, '00864', 'ХОНОБОД Ш., ТИФ МИЛЛИЙ БАНКИНИНГ XОНОБОД ФИЛИАЛИ'),
(864, '00865', 'УРГУТ Т., ТИФ МИЛЛИЙ БАНКИНИНГ УРГУТ ФИЛИАЛИ'),
(865, '00866', 'ОХАНГАРОН Ш., \"ГАЛЛАБАНК\" РАТ БАНКИНИНГ ОХАНГАРОН ФИЛИАЛИ'),
(866, '00867', 'КУВА Т., \"ГАЛЛАБАНК\" РАТ БАНКИНИНГ КУВА БУЛИМИ'),
(867, '00868', 'НУКУС Ш., АТ САНОАТ-КУРИЛИШ БАНКИНИНГ КОРАКАЛПОГИСТОН МИНТАКАВИЙ ФИЛИАЛИ'),
(868, '00869', 'ТОШКЕНТ Ш., ТИФ МИЛЛИЙ БАНКИНИНГ СИРГАЛИ ФИЛИАЛИ'),
(869, '00870', 'ТОШКЕНТ Ш., ТИФ МИЛЛИЙ БАНКИНИНГ ЯККАСАРОЙ ФИЛИАЛИ'),
(870, '00871', 'Г.ТАШКЕНТ, ДОЧЕРНИЙ БАНК \"ЦЕНТРАЛЬНО-АЗИАТСКОГО БАНКА РАЗВ-Я И СОТР-ВА\"      ЦАБ'),
(871, '00872', 'Г.ТАЙЛАК, ТАЙЛАКСКИЙ ФИЛИАЛ \"ГАЛЛАБАНКА\"                                     ГЛБ'),
(872, '00873', 'ТОШКЕНТ Ш.,\"АСАКА\" ДАТ БАНКИНИНГ БОШ ОФИСИ'),
(873, '00874', 'НАМАНГАН Ш., АТ \"АЛОКАБАНК\"НИНГ НАМАНГАН ФИЛИАЛИ'),
(874, '00875', 'ТОШКЕНТ Ш., ТИФ МИЛЛИЙ БАНКИНИНГ МИРОБОД ФИЛИАЛИ'),
(875, '00876', 'ТОШКЕНТ Ш., ТИФ МИЛЛИЙ БАНКИНИНГ СОБИР РАХИМОВ ФИЛИАЛИ'),
(876, '00877', 'УЙЧИ Т., ТИФ МИЛЛИЙ БАНКИНИНГ УЙЧИ ФИЛИАЛИ'),
(877, '00878', 'ТОШКЕНТ Ш., ТИФ МИЛЛИЙ БАНКИНИНГ ШАЙХОНТОХУР ФИЛИАЛИ'),
(878, '00879', 'ПАХТАОБОД Ш., ТИФ МИЛЛИЙ БАНКИНИНГ ПАХТАОБОД ФИЛИАЛИ'),
(879, '00880', 'УЧКУДУК Т., ТИФ МИЛЛИЙ БАНКИНИНГ УЧКУДУК ФИЛИАЛИ'),
(880, '00881', 'УЧКУРГОН Т., ТИФ МИЛЛИЙ БАНКИНИНГ УЧКУРГОН ФИЛИАЛИ'),
(881, '00882', 'ТОШКЕНТ Ш., ТИФ МИЛЛИЙ БАНКИНИНГ МАРКАЗИЙ АМАЛИЁТ БУЛИМИ'),
(882, '00883', 'ТОШКЕНТ Ш., ДТ ХАЛК БАНКИНИНГ МАРКАЗИЙ АМАЛИЁТЛАР ФИЛИАЛИ'),
(883, '00884', 'КИБРАЙ Т., АТ САНОАТ-КУРИЛИШ БАНКИНИНГ КИБРАЙ ФИЛИАЛИ'),
(884, '00885', 'БЕШАРИК Т., ТИФ МИЛЛИЙ БАНКИНИНГ БЕШАРИК ФИЛИАЛИ'),
(885, '00886', 'КУВА Т., ТИФ МИЛЛИЙ БАНКИНИНГ КУВА ФИЛИАЛИ'),
(886, '00887', 'БУВАЙДА Т., ТИФ МИЛЛИЙ БАНКИНИНГ БУВАЙДА ФИЛИАЛИ'),
(887, '00888', 'КУНГИРОТ Т., ТИФ МИЛЛИЙ БАНКИНИНГ КУНГИРОТ ФИЛИАЛИ'),
(888, '00889', 'КОСОНСОЙ Т., ТИФ МИЛЛИЙ БАНКИНИНГ КОСОНСОЙ ФИЛИАЛИ'),
(889, '00890', 'АНГРЕН Ш., ТИФ МИЛЛИЙ БАНКИНИНГ АНГРЕН ФИЛИАЛИ'),
(890, '00891', 'ТУРАКУРГОН Т., ТИФ МИЛЛИЙ БАНКИНИНГ TУРАКУРГОН ФИЛИАЛИ'),
(891, '00892', 'ПАХТАКОР Т., ТИФ МИЛЛИЙ БАНКИНИНГ ПАХТАКОР ФИЛИАЛИ'),
(892, '00893', 'АСАКА Ш., ТИФ МИЛЛИЙ БАНКИНИНГ АСАКА ФИЛИАЛИ'),
(893, '00894', 'ГУЗОР Т., ТИФ МИЛЛИЙ БАНКИНИНГ ГУЗОР ФИЛИАЛИ'),
(894, '00895', 'ТОШКЕНТ Ш., ТИФ МИЛЛИЙ БАНКИНИНГ МИРЗО УЛУГБЕК ФИЛИАЛИ'),
(895, '00896', 'ТОШКЕНТ Ш., \"АЛП ЖАМОЛ БАНК\" ХОАТ БАНКИНИНГ ТОШКЕНТ ШАХАР ФИЛИАЛИ'),
(896, '00897', 'Г.ТАШКЕНТ, ЧАСТНЫЙ ОТКРЫТЫЙ АК \"ХИФ-БАНК\"                                    ХФБ'),
(897, '00898', 'ТОШКЕНТ Ш., \"ТУРКИСТОН\" ХОАТ БАНКИНИНГ БОШ ОФИСИ'),
(898, '00899', 'КОГОН Ш., ТИФ МИЛЛИЙ БАНКИНИНГ КОГОН ФИЛИАЛИ'),
(899, '00900', 'БУЛУНГУР Т., ТИФ МИЛЛИЙ БАНКИНИНГ БУЛУНГУР ФИЛИАЛИ'),
(900, '00901', 'ТОШКЕНТ Ш., \"ИПОТЕКА-БАНК\" АТИБ СОБИР РАХИМОВ ФИЛИАЛИ'),
(901, '00902', 'ХОЗАРАСП Т., \"ИПОТЕКА-БАНК\" АТИБ ДУСТЛИК ФИЛИАЛИ'),
(902, '00903', 'ИЗБОСКАН Т., ТИФ МИЛЛИЙ БАНКИНИНГ ИЗБОСКАН ФИЛИАЛИ'),
(903, '00904', 'ОЛТИАРИК Т., \"АСАКА\" ДАТ БАНКИНИНГ ОЛТИАРИК ФИЛИАЛИ'),
(904, '00905', 'ТОШКЕНТ Ш., ТИФ МИЛЛИЙ БАНКИНИНГ \"САЕХАТ\" ФИЛИАЛИ'),
(905, '00906', 'ОЛМАЛИК Ш., ТИФ МИЛЛИЙ БАНКИНИНГ ОЛМАЛИК ФИЛИАЛИ'),
(906, '00907', 'ШОВОТ Т., ТИФ МИЛЛИЙ БАНКИНИНГ ШОВОТ ФИЛИАЛИ'),
(907, '00908', 'ЧИМБОЙ Т., ТИФ МИЛЛИЙ БАНКИНИНГ ЧИМБОЙ ФИЛИАЛИ'),
(908, '00909', 'ЯНГИЕР Ш., ТИФ МИЛЛИЙ БАНКИНИНГ ЯНГИЕР ФИЛИАЛИ'),
(909, '00910', 'КОРАКУЛ Т., ТИФ МИЛЛИЙ БАНКИНИНГ КОРАКУЛ ФИЛИАЛИ'),
(910, '00911', 'ЯНГИЙУЛ Ш., ТИФ МИЛЛИЙ БАНКИНИНГ ЯНГИЙУЛ ФИЛИАЛИ'),
(911, '00912', 'БЕКОБОД Ш., ТИФ МИЛЛИЙ БАНКИНИНГ БЕКОБОД ФИЛИАЛИ'),
(912, '00913', 'ЖОМБОЙ Т., ТИФ МИЛЛИЙ БАНКИНИНГ ЖОМБОЙ ФИЛИАЛИ'),
(913, '00914', 'КУМКУРГОН Т., ТИФ МИЛЛИЙ БАНКИНИНГ КУМКУРГОН ФИЛИАЛИ'),
(914, '00915', 'ХОНКА Т., ТИФ МИЛЛИЙ БАНКИНИНГ XОНКА ФИЛИАЛИ'),
(915, '00916', 'МИРЗАЧУЛ Т., ТИФ МИЛЛИЙ БАНКИНИНГ МИРЗАЧУЛ ФИЛИАЛИ'),
(916, '00917', 'Г.АНДИЖАН, ЧАСТНЫЙ АКЦИОНЕРНО-КОММЕРЧЕСКИЙ БАНК \"ИСТИКБОЛ БАНК\"              ИКБ'),
(917, '00918', 'ТОШКЕНТ Ш., ТИФ МИЛЛИЙ БАНКИНИНГ АКМАЛ ИКРОМОВ ФИЛИАЛИ'),
(918, '00919', 'ЧИРЧИК Ш., ТИФ МИЛЛИЙ БАНКИНИНГ ЧИРЧИК ФИЛИАЛИ'),
(919, '00920', 'УРТАЧИРЧИК Т., ТИФ МИЛЛИЙ БАНКИНИНГ TУЙТЕПА ФИЛИАЛИ'),
(920, '00921', 'НИШОН Т., ТИФ МИЛЛИЙ БАНКИНИНГ ЯНГИ-НИШОН ФИЛИАЛИ'),
(921, '00922', 'ШАХРИХОН Т., ТИФ МИЛЛИЙ БАНКИНИНГ ШАХРИХОН ФИЛИАЛИ'),
(922, '00923', 'АНДИЖОН Ш., АТ \"АЛОКАБАНК\"НИНГ АНДИЖОН ФИЛИАЛИ'),
(923, '00924', 'БЕКОБОД Ш., \"ГАЛЛАБАНК\" РАТ БАНКИНИНГ БЕКОБОД БУЛИМИ'),
(924, '00925', 'КОРОВУЛБОЗОР Т., ТИФ МИЛЛИЙ БАНКИНИНГ КОРОВУЛБОЗОР ФИЛИАЛИ'),
(925, '00926', 'ПОП Т., ТИФ МИЛЛИЙ БАНКИНИНГ ПОП ФИЛИАЛИ'),
(926, '00927', 'ШОФИРКОН Т., ТИФ МИЛЛИЙ БАНКИНИНГ ШОФИРКОН ФИЛИАЛИ'),
(927, '00928', 'КАРШИ Ш., \"УКТАМБАНК\" ХОАТ БАНКИНИНГ БОШ ОФИСИ'),
(928, '00929', 'САМАРКАНД Т., АТ \"ПАХТАБАНК\"НИНГ ГУЛОБОД ФИЛИАЛИ'),
(929, '00930', 'ТОШКЕНТ Ш., ТИФ МИЛЛИЙ БАНКИНИНГ БЕКТЕМИР ФИЛИАЛИ'),
(930, '00931', 'БУСТОНЛИК Т., ТИФ МИЛЛИЙ БАНКИНИНГ ГАЗАЛКЕНТ ФИЛИАЛИ'),
(931, '00932', 'ЧОРТОК Т., ТИФ МИЛЛИЙ БАНКИНИНГ ЧОРТОК ФИЛИАЛИ'),
(932, '00933', 'ЖАРКУРГОН Т., ТИФ МИЛЛИЙ БАНКИНИНГ ЖАРКУРГОН ФИЛИАЛИ'),
(933, '00934', 'САРИОСИЁ Т., ТИФ МИЛЛИЙ БАНКИНИНГ САРИОСИЁ ФИЛИАЛИ'),
(934, '00935', 'АНГОРСКОЕ ОТД. АСАКАБАНКА                                                    АСБ'),
(935, '00936', 'Г.БУХАРА, БУХАРСКОЕ ОТД. МЕВАСАБЗАВОТБАНКА                                   МСБ'),
(936, '00937', 'ТОШКЕНТ Ш., \"ИПОТЕКА-БАНК\" АТИБ БОШ АМАЛИЁТ БОШКАРМАСИ'),
(937, '00938', 'ШЕРОБОД Т., ТИФ МИЛЛИЙ БАНКИНИНГ ШЕРОБОД ФИЛИАЛИ'),
(938, '00939', 'НУРОБОД Т., ТИФ МИЛЛИЙ БАНКИНИНГ НУРОБОД ФИЛИАЛИ'),
(939, '00940', 'ЯНГИАРИК Т., ТИФ МИЛЛИЙ БАНКИНИНГ ЯНГИАРИК ФИЛИАЛИ'),
(940, '00941', 'ПАСТДАРГОМ Т., ТИФ МИЛЛИЙ БАНКИНИНГ ПАСТДАРГОМ ФИЛИАЛИ'),
(941, '00942', 'ВОБКЕНТ Т., ТИФ МИЛЛИЙ БАНКИНИНГ ВОБКЕНТ ФИЛИАЛИ'),
(942, '00943', 'РОМИТОН Т., ТИФ МИЛЛИЙ БАНКИНИНГ РОМИТОН ФИЛИАЛИ'),
(943, '00944', 'TАХИАТОШ Ш., ТИФ МИЛЛИЙ БАНКИНИНГ TАХИАТОШ ФИЛИАЛИ'),
(944, '00945', 'КИЗИЛТЕПА Т., ТИФ МИЛЛИЙ БАНКИНИНГ КИЗИЛТЕПА ФИЛИАЛИ'),
(945, '00946', 'РИШТОН Т., ТИФ МИЛЛИЙ БАНКИНИНГ РИШТОН ФИЛИАЛИ'),
(946, '00947', 'ФАРГОНА Т., ТИФ МИЛЛИЙ БАНКИНИНГ ВОДИЛ ФИЛИАЛИ'),
(947, '00948', 'С.ТАХТАКУПИР, ФИЛИАЛ \"АДИЛЕТ\" \"ГАЛЛАБАНКА\"                                   ГЛБ'),
(948, '00949', 'Г.ТАШКЕНТ, ЧАСТНЫЙ ОТКРЫТЫЙ АК \"КАРВОН-БАНК\"                                 КВБ'),
(949, '00950', 'ТОШКЕНТ Ш., ЭРОН \"СОДЕРОТ\"БАНКИНИНГ ТОШКЕНТ ШАХРИДАГИ ШУЪБА БАНКИ БОШ ОФИСИ'),
(950, '00951', 'ХОЗАРАСП Т., ТИФ МИЛЛИЙ БАНКИНИНГ ПИТНАК ФИЛИАЛИ'),
(951, '00952', 'ЧИНОЗ Т., \"АСАКА\" ДАТ БАНКИНИНГ ЧИНОЗ ФИЛИАЛИ'),
(952, '00953', 'БЕРУНИЙ Т., \"ГАЛЛАБАНК\" РАТ БАНКИНИНГ БЕРУНИЙ ФИЛИАЛИ'),
(953, '00954', 'ТОШКЕНТ Ш., \"ТРАСТБАНК\" ХАБ БАНКИНИНГ \"ПОЙТАХТ\" ФИЛИАЛИ'),
(954, '00955', 'МАРХАМАТ Т., ТИФ МИЛЛИЙ БАНКИНИНГ МАРХАМАТ ФИЛИАЛИ'),
(955, '00956', 'КУКОН Ш., \"ХАМКОРБАНК\" АТ БАНКИНИНГ КУКОН ФИЛИАЛИ'),
(956, '00957', 'ТОШКЕНТ Ш., \"БИЗНЕС БАНК\" ХОАТ БАНКИНИНГ БОШ ОФИСИ'),
(957, '00958', 'ТОШКЕНТ Ш., \"АСАКА\" ДАТ БАНКИНИНГ СИРГАЛИ ФИЛИАЛИ'),
(958, '00959', 'ТОШКЕНТ Ш., \"ИПОТЕКА-БАНК\" АТИБ XАМЗА ФИЛИАЛИ'),
(959, '00960', 'ЧИНОЗ Т., \"ХАМКОРБАНК\" АТ БАНКИНИНГ ЧИНОЗ ФИЛИАЛИ'),
(960, '00961', 'БУХОРО Ш., АТ \"АЛОКАБАНК\"НИНГ БУХОРО ФИЛИАЛИ'),
(961, '00962', 'БАЛИКЧИ Т., \"ХАМКОРБАНК\" АТ БАНКИНИНГ ЧИНОБОД ФИЛИАЛИ'),
(962, '00963', 'ТОШКЕНТ Ш., \"АСАКА\" ДАТ БАНКИНИНГ ЮНУСОБОД ФИЛИАЛИ'),
(963, '00964', 'Г.САМАРКАНД, ЧАСТНЫЙ ЗАКРЫТЫЙ АКЦИОНЕРНО-КОММЕРЧЕСКИЙ БАНК \"СОГДИАНА-БАНК\"   СУБ'),
(964, '00965', 'ФАРГОНА Ш., \"ХАМКОРБАНК\" АТ БАНКИНИНГ ФАРГОНА ФИЛИАЛИ'),
(965, '00966', 'БУХОРО Ш., \"ХАМКОРБАНК\" АТ БАНКИНИНГ БУХОРО ФИЛИАЛИ'),
(966, '00967', 'ТЕРМИЗ Ш., АТ \"АЛОКАБАНК\"НИНГ СУРХОНДАРЁ ФИЛИАЛИ'),
(967, '00968', 'САМАРКАНД Ш., \"САМАРКАНДБАНК\" ХЁАТ БАНКИНИНГ БОШ ОФИСИ'),
(968, '00969', 'ТОШКЕНТ Ш., \"АСАКА\" ДАТ БАНКИНИНГ ШАЙХОНТОХУР ФИЛИАЛИ'),
(969, '00970', 'БУХОРО Ш., \"ПАРВИНА БАНК\" ХЁАТ БАНКИНИНГ БУХОРО ФИЛИАЛИ'),
(970, '00971', 'МАРГИЛОН Ш., \"АСАКА\" ДАТ БАНКИНИНГ МАРГИЛОН ФИЛИАЛИ'),
(971, '00972', 'АНДИЖОН Ш., \"АСАКА\" ДАТ БАНКИНИНГ ФАРХОД ФИЛИАЛИ'),
(972, '00973', 'КУКОН Ш., \"УНИВЕРСАЛБАНК\" ХОАТ БАНКИНИНГ БОШ ОФИСИ'),
(973, '00974', 'ТОШКЕНТ Ш., \"КАПИТАЛБАНК\" АТ БАНКИНИНГ БОШ ОФИСИ'),
(974, '00975', 'БУХОРО Т., \"ГАЛЛАБАНК\" РАТ БАНКИНИНГ ГАЛАОСИЁ ФИЛИАЛИ'),
(975, '00976', 'ЯНГИЙУЛ Ш., \"ХАМКОРБАНК\" АТ БАНКИНИНГ ЯНГИЙУЛ ФИЛИАЛИ'),
(976, '00977', 'ЖАЛОЛКУДУК Т., \"ХАМКОРБАНК\" АТ БАНКИНИНГ ЖАЛОЛКУДУК ФИЛИАЛИ'),
(977, '00978', 'ТОШКЕНТ Ш., \"ИПОТЕКА-БАНК\" АТИБ СИРГАЛИ ФИЛИАЛИ'),
(978, '00979', 'АНДИЖОН Ш., \"ТУРОН\" АТ БАНКИНИНГ АНДИЖОН БУЛИМИ'),
(979, '00980', 'ТОШКЕНТ Ш., \"РАВНАКБАНК\" ХОАТ БАНКИНИНГ БОШ ОФИСИ'),
(980, '00981', 'ТОШКЕНТ Ш., \"ДАВР-БАНК\" ХЁАТ БАНКИНИНГ БОШ ОФИСИ'),
(981, '00982', 'ЖИЗЗАХ Ш., \"ТУРОН\" АТ БАНКИНИНГ ЖИЗЗАХ БУЛИМИ'),
(982, '00983', 'НАМАНГАН Т., \"САВДОГАР\" АТ БАНКИНИНГ TОШБУЛОК ФИЛИАЛИ'),
(983, '00984', 'ТОШКЕНТ Ш., АТ \"ПАХТАБАНК\"НИНГ ЧИЛОНЗОР ФИЛИАЛИ'),
(984, '00985', 'САМАРКАНД Ш., АТ \"АЛОКАБАНК\"НИНГ САМАРКАНД ФИЛИАЛИ'),
(985, '00986', 'ТОШКЕНТ Ш., \"ТУРОН\" АТ БАНКИНИНГ БЕКТЕМИР БУЛИМИ'),
(986, '00987', 'ТОШКЕНТ Ш., \"ГАЛЛАБАНК\" РАТ БАНКИНИНГ TОШКЕНТ ВИЛОЯТ МИНТАКАВИЙ ФИЛИАЛИ'),
(987, '00988', 'ОЛМАЛИК Ш., \"ХАМКОРБАНК\" АТ БАНКИНИНГ ОЛМАЛИК ФИЛИАЛИ'),
(988, '00989', 'ШАХРИСАБЗ Т., \"ТУРОН\" АТ БАНКИНИНГ ШАХРИСАБЗ БУЛИМИ'),
(989, '00990', 'КАРШИ Ш., АТ \"АЛОКАБАНК\"НИНГ КАШКАДАРЁ ФИЛИАЛИ'),
(990, '00991', 'МАРГИЛОН Ш., \"ХАМКОРБАНК\" АТ БАНКИНИНГ МАРГИЛОН ФИЛИАЛИ'),
(991, '00992', 'НАМАНГАН Ш., \"ХАМКОРБАНК\" АТ БАНКИНИНГ НАМАНГАН ФИЛИАЛИ'),
(992, '00993', 'ОЛОТ Т., \"ТУРОН\" АТ БАНКИНИНГ ОЛОТ БУЛИМИ'),
(993, '00994', 'САМАРКАНД Ш., АТ САНОАТ-КУРИЛИШ БАНКИНИНГ АМИР TЕМУР ФИЛИАЛИ'),
(994, '00995', 'Г.ТАШКЕНТ, АКМАЛ ИКРАМОВСКИЙ ФИЛИАЛ АББ \"ТРАСТБАНК\"                          ТРБ'),
(995, '00996', 'ТОШКЕНТ Ш., \"УНИВЕРСАЛБАНК\" ХОАТ БАНКИНИНГ TОШКЕНТ ФИЛИАЛИ'),
(996, '00997', 'ТОШКЕНТ Ш., \"ИПОТЕКА-БАНК\" АТИБ ЧИЛОНЗОР ФИЛИАЛИ'),
(997, '00998', 'КИБРАЙ Т., \"АЛП ЖАМОЛ БАНК\" ХОАТ БАНКИНИНГ БОШ ОФИСИ'),
(998, '00999', 'ТОШКЕНТ Ш., \"ИПАК ЙУЛИ\" АИТ БАНКИНИНГ УРИКЗОР ФИЛИАЛИ'),
(999, '01000', 'ТОШКЕНТ Ш., \"КРЕДИТ-СТАНДАРТ\" ХОАТ БАНКИНИНГ БОШ ОФИСИ'),
(1000, '01001', 'TЕРМИЗ Ш., \"ХАМКОРБАНК\" АТ БАНКИНИНГ TЕРМИЗ ФИЛИАЛИ'),
(1001, '01002', 'САМАРКАНД Ш., \"ПАРВИНА БАНК\" ХЁАТ БАНКИНИНГ САМАРКАНД ФИЛИАЛИ'),
(1002, '01003', 'КУВАСОЙ Ш., \"ХАМКОРБАНК\" АТ БАНКИНИНГ КУВАСОЙ ФИЛИАЛИ'),
(1003, '01004', 'САМАРКАНД Ш., \"АСАКА\" ДАТ БАНКИНИНГ АФРОСИЁБ ФИЛИАЛИ'),
(1004, '01005', 'САМАРКАНД Ш., ДТ ХАЛК БАНКИНИНГ САМАРКАНД ВИЛОЯТ ФИЛИАЛИ'),
(1005, '01007', 'КАРМАНА Т., АТ \"АЛОКАБАНК\"НИНГ НАВОИЙ ФИЛИАЛИ'),
(1006, '01008', 'ТОШКЕНТ Ш., \"ХАМКОРБАНК\" АТ БАНКИНИНГ АВИАСОЗЛИК ФИЛИАЛИ'),
(1007, '01009', 'ТОШКЕНТ Ш., \"УЗПРИВАТБАНК\" УЗБЕК ХАЛКАРО БАНКИНИНГ TОШКЕНТ ШАХАР ФИЛИАЛИ'),
(1008, '01010', 'КУМКУРГОН Т., \"ГАЛЛАБАНК\" РАТ БАНКИНИНГ КУМКУРГОН ФИЛИАЛИ'),
(1009, '01011', 'ФАРГОНА Ш., АТ \"АЛОКАБАНК\"НИНГ ФАРГОНА ФИЛИАЛИ'),
(1010, '01012', 'НАМАНГАН Ш., \"АСАКА\" ДАТ БАНКИНИНГ ДАВЛАТОБОД ФИЛИАЛИ'),
(1011, '01013', 'ТОШКЕНТ Ш.,\"ХАМКОРБАНК\" АТ БАНКИНИНГ ЯККАСАРОЙ ФИЛИАЛИ'),
(1012, '01014', 'ТОШКЕНТ Ш., \"БИЗНЕС БАНК\" ХОАТ БАНКИНИНГ ЯККАСАРОЙ ФИЛИАЛИ'),
(1013, '01015', 'КАРШИ Ш., \"АЛП ЖАМОЛ БАНК\" ХОАТ БАНКИНИНГ КАРШИ ШАХАР ФИЛИАЛИ'),
(1014, '01016', 'ЯНГИОБОД Т., \"ГАЛЛАБАНК\" РАТ БАНКИНИНГ ЯНГИОБОД ФИЛИАЛИ'),
(1015, '01017', 'ТОШКЕНТ Ш., \"ИПОТЕКА-БАНК\" АТИБ ЯККАСАРОЙ ФИЛИАЛИ'),
(1016, '01018', 'ТОШКЕНТ Ш., \"КАПИТАЛБАНК\" АТ БАНКИНИНГ ТОШКЕНТ ВИЛОЯТ ФИЛИАЛИ'),
(1017, '01019', 'ЗАНГИОТА Т., \"ТУРОН\" АТ БАНКИНИНГ ЗАНГИОТА ФИЛИАЛИ'),
(1018, '01020', 'УРГАНЧ Т., \"ХАМКОРБАНК\" АТ БАНКИНИНГ \"СУЛТОН-МАРАМ\" ФИЛИАЛИ'),
(1019, '01021', 'ЗАРАФШОН Ш., \"АСАКА\" ДАТ БАНКИНИНГ ЗАРАФШОН ФИЛИАЛИ'),
(1020, '01022', 'АНГРЕН Ш., АТ САНОАТ-КУРИЛИШ БАНКИНИНГ АНГРЕН ФИЛИАЛИ'),
(1021, '01023', 'САМАРКАНД Ш., \"КРЕДИТ-СТАНДАРТ\" ХОАТ БАНКИНИНГ САМАРКАНД ФИЛИАЛИ'),
(1022, '01024', 'БУКА Т., \"ТУРОН\" АТ БАНКИНИНГ ТОШКЕНТ ВИЛОЯТИ БУКА ФИЛИАЛИ'),
(1023, '01025', 'ТОШКЕНТ Ш., ДТ ХАЛК БАНКИНИНГ ТОШКЕНТ ВИЛОЯТ ФИЛИАЛИ'),
(1024, '01026', 'ЖИЗЗАХ Ш., АТ \"АЛОКАБАНК\"НИНГ ЖИЗЗАХ ФИЛИАЛИ'),
(1025, '01027', 'БУХОРО Ш., \"АСАКА\" ДАТ БАНКИНИНГ БУХОРО ШАХАР ФИЛИАЛИ'),
(1026, '01028', 'ТОШКЕНТ Ш., \"ИПАК ЙУЛИ\" АИТ БАНКИНИНГ ЯККАСАРОЙ ФИЛИАЛИ'),
(1027, '01029', 'ЗАНГИОТА Т., \"АЛП ЖАМОЛ БАНК\" ХОАТ БАНКИНИНГ ЗАНГИОТА ФИЛИАЛИ'),
(1028, '01033', 'ОАКБ \" КАПИТАЛБАНК \" ФИЛИАЛ ЧОРСУ'),
(1029, '09001', 'ТОШКЕНТ Ш., МАРКАЗИЙ БАНКНИНГ МАЪЛУМОТЛАРНИ КАЙТА ИШЛАШ БУЛИМИ'),
(1030, '09002', 'ТОШКЕНТ Ш., ТИФ МИЛЛИЙ БАНКИНИНГ ХИСОБ-КИТОБ КЛИРИНГ МАРКАЗИ'),
(1031, '09003', 'ТОШКЕНТ Ш., АТ САНОАТ-КУРИЛИШ БАНКИНИНГ ТУЛОВ МАРКАЗИ'),
(1032, '09004', 'ТОШКЕНТ Ш., АТ \"ПАХТАБАНК\"НИНГ ХИСОБ-КИТОБ МАРКАЗИ'),
(1033, '09005', 'ТОШКЕНТ Ш., \"МИКРОКРЕДИТБАНК\" АТБ АХБОРОТЛАРНИ ХИСОБЛАШ МАРКАЗИ'),
(1034, '09006', 'ТОШКЕНТ Ш., ДТ ХАЛК БАНКИНИНГ ХИСОБ-КИТОБ МАРКАЗИ'),
(1035, '09008', 'ТОШКЕНТ Ш., \"САВДОГАР\" АТ БАНКИНИНГ ТУЛОВ МАРКАЗИ'),
(1036, '09009', 'ТОШКЕНТ Ш., \"ГАЛЛАБАНК\" РАТ БАНКИНИНГ ТУЛОВ МАРКАЗИ'),
(1037, '09010', 'ТОШКЕНТ Ш., \"ЗАМИН\" ДАИ БАНКИНИНГ ХИСОБ-КИТОБ МАРКАЗИ'),
(1038, '09011', 'ТОШКЕНТ Ш., \"ТУРОН\" АТ БАНКИНИНГ ТУЛОВ МАРКАЗИ'),
(1039, '09012', 'АНДИЖОН Ш., \"ХАМКОРБАНК\" АТ БАНКИНИНГ ТУЛОВ МАРКАЗИ'),
(1040, '09013', 'ТОШКЕНТ Ш., \"АСАКА\" ДАТ БАНКИНИНГ ТУЛОВ МАРКАЗИ'),
(1041, '09014', 'ТОШКЕНТ Ш., \"ИПАК ЙУЛИ\" АИТ БАНКИНИНГ ХИСОБ-КИТОБ МАРКАЗИ'),
(1042, '09018', 'САМАРКАНД Ш., \"ПАРВИНА БАНК\" ХЁАТ БАНКИНИНГ ТУЛОВ МАРКАЗИ'),
(1043, '09030', 'ТОШКЕНТ Ш., \"ТРАСТБАНК\" ХАБ БАНКИНИНГ ТУЛОВ МАРКАЗИ'),
(1044, '09031', 'ТОШКЕНТ Ш., АТ \"АЛОКАБАНК\"НИНГ ТУЛОВ МАРКАЗИ'),
(1045, '09032', 'ТОШКЕНТ Ш.,\" УЗПРИВАТБАНК\" УЗБЕК ХАЛКАРО БАНКИНИНГ ТУЛОВ МАРКАЗИ'),
(1046, '09033', 'ТОШКЕНТ Ш., \"ИПОТЕКА-БАНК\" АТИБ ТУЛОВ МАРКАЗИ'),
(1047, '09036', 'ТОШКЕНТ Ш., \"АЛП ЖАМОЛ БАНК\" ХОАТ БАНКИНИНГ ХИСОБ-КИТОБ МАРКАЗИ'),
(1048, '09040', 'КАРШИ Ш., \"УКТАМБАНК\" ХОАТ БАНКИНИНГ ХИСОБ-КИТОБ МАРКАЗИ'),
(1049, '09044', 'ТОШКЕНТ Ш., \"БИЗНЕС БАНК\" ХОАТ БАНКИНИНГ ХИСОБ-КИТОБ МАРКАЗИ'),
(1050, '09048', 'КУКОН Ш., \"УНИВЕРСАЛБАНК\" ХОАТ БАНКИНИНГ ТУЛОВ МАРКАЗИ'),
(1051, '09049', 'ТОШКЕНТ Ш., \"КАПИТАЛБАНК\" АТ БАНКИНИНГ ХИСОБ-КИТОБ МАРКАЗИ'),
(1052, '09050', 'ТОШКЕНТ Ш., \"РАВНАКБАНК\" ХОАТ БАНКИНИНГ ТУЛОВ МАРКАЗИ'),
(1053, '09052', 'ТОШКЕНТ Ш., \"КРЕДИТ-СТАНДАРТ\" ХОАТ БАНКИНИНГ ТУЛОВ МАРКАЗИ'),
(1054, '99999', 'БОШКА'),
(1055, '01064', 'Хамкорбанк Навоий'),
(1056, '01094', 'Миллий банк Маликработ'),
(1057, '01148', 'Инфинбанк г.Навои');

-- --------------------------------------------------------

--
-- Структура таблицы `branches`
--

CREATE TABLE `branches` (
  `id` bigint(20) UNSIGNED NOT NULL,
  `branch_name` varchar(255) COLLATE utf8mb4_unicode_ci NOT NULL,
  `contracgen_name` varchar(255) COLLATE utf8mb4_unicode_ci NOT NULL,
  `leader` varchar(255) COLLATE utf8mb4_unicode_ci NOT NULL,
  `alternative_name` varchar(255) COLLATE utf8mb4_unicode_ci NOT NULL,
  `status` tinyint(1) NOT NULL DEFAULT 1,
  `responsible` varchar(255) COLLATE utf8mb4_unicode_ci NOT NULL,
  `code` bigint(20) NOT NULL,
  `number` bigint(20) NOT NULL,
  `inn` bigint(20) DEFAULT NULL,
  `phone` bigint(20) DEFAULT NULL,
  `address` varchar(255) COLLATE utf8mb4_unicode_ci NOT NULL,
  `created_at` timestamp NULL DEFAULT current_timestamp(),
  `updated_at` timestamp NULL DEFAULT current_timestamp() ON UPDATE current_timestamp()
) ENGINE=InnoDB DEFAULT CHARSET=utf8mb4 COLLATE=utf8mb4_unicode_ci;

--
-- Дамп данных таблицы `branches`
--

INSERT INTO `branches` (`id`, `branch_name`, `contracgen_name`, `leader`, `alternative_name`, `status`, `responsible`, `code`, `number`, `inn`, `phone`, `address`, `created_at`, `updated_at`) VALUES
(1, 'Asosiy', 'asosiy', 'Bunyod', 'asosiy', 1, 'Bunyod', 1, 1, 123456789, 998999670395, '-', '2022-07-02 13:44:47', '2022-07-03 13:44:55');

-- --------------------------------------------------------

--
-- Структура таблицы `brand`
--

CREATE TABLE `brand` (
  `id` int(11) NOT NULL,
  `name` varchar(255) NOT NULL,
  `category_id` bigint(20) UNSIGNED NOT NULL,
  `code` varchar(255) NOT NULL,
  `image` varchar(255) DEFAULT NULL
) ENGINE=InnoDB DEFAULT CHARSET=utf8mb4;

--
-- Дамп данных таблицы `brand`
--

INSERT INTO `brand` (`id`, `name`, `category_id`, `code`, `image`) VALUES
(1, 'test', 1, 'test', NULL);

-- --------------------------------------------------------

--
-- Структура таблицы `categories`
--

CREATE TABLE `categories` (
  `id` bigint(20) UNSIGNED NOT NULL,
  `name` varchar(255) COLLATE utf8mb4_unicode_ci NOT NULL
) ENGINE=InnoDB DEFAULT CHARSET=utf8mb4 COLLATE=utf8mb4_unicode_ci;

--
-- Дамп данных таблицы `categories`
--

INSERT INTO `categories` (`id`, `name`) VALUES
(1, 'Ichimliklar');

-- --------------------------------------------------------

--
-- Структура таблицы `clients`
--

CREATE TABLE `clients` (
  `id` bigint(20) NOT NULL,
  `username` varchar(255) NOT NULL,
  `password` varchar(500) NOT NULL,
  `email` varchar(255) DEFAULT NULL,
  `name` varchar(255) NOT NULL,
  `status` int(11) NOT NULL DEFAULT 1,
  `auth_key` varchar(255) DEFAULT NULL,
  `verification_token` varchar(255) DEFAULT NULL,
  `password_reset_token` varchar(255) DEFAULT NULL,
  `created_at` datetime DEFAULT current_timestamp(),
  `updated_at` datetime DEFAULT current_timestamp() ON UPDATE current_timestamp()
) ENGINE=InnoDB DEFAULT CHARSET=utf8mb4;

-- --------------------------------------------------------

--
-- Структура таблицы `client_accounts`
--

CREATE TABLE `client_accounts` (
  `id` bigint(20) NOT NULL,
  `bank_id` int(16) NOT NULL,
  `account` varchar(255) NOT NULL DEFAULT '',
  `subject_id` bigint(20) NOT NULL
) ENGINE=InnoDB DEFAULT CHARSET=utf8mb4;

-- --------------------------------------------------------

--
-- Структура таблицы `client_groups`
--

CREATE TABLE `client_groups` (
  `id` int(11) NOT NULL,
  `name` varchar(255) NOT NULL,
  `code` varchar(255) NOT NULL
) ENGINE=InnoDB DEFAULT CHARSET=utf8mb4;

--
-- Дамп данных таблицы `client_groups`
--

INSERT INTO `client_groups` (`id`, `name`, `code`) VALUES
(1, 'Umumiy savdo do\'koni', 'umumiy-savdo-dokoni');

-- --------------------------------------------------------

--
-- Структура таблицы `client_subjects`
--

CREATE TABLE `client_subjects` (
  `id` bigint(20) NOT NULL,
  `name` varchar(255) DEFAULT NULL,
  `alt_name` varchar(255) DEFAULT NULL,
  `district_id` int(11) DEFAULT NULL,
  `address` varchar(255) DEFAULT NULL,
  `lan` varchar(255) DEFAULT NULL,
  `lng` varchar(255) DEFAULT NULL,
  `phone` varchar(255) DEFAULT NULL,
  `email` varchar(50) DEFAULT NULL,
  `director` varchar(255) DEFAULT NULL,
  `inn` varchar(255) DEFAULT NULL,
  `oked` varchar(255) DEFAULT NULL,
  `nds_number` varchar(255) DEFAULT NULL,
  `referent_point` varchar(255) DEFAULT NULL,
  `type_id` int(11) DEFAULT NULL,
  `group_id` int(11) DEFAULT NULL,
  `note` varchar(500) DEFAULT NULL,
  `created_at` datetime DEFAULT current_timestamp(),
  `updated_at` datetime DEFAULT current_timestamp() ON UPDATE current_timestamp()
) ENGINE=InnoDB DEFAULT CHARSET=utf8mb4;

--
-- Дамп данных таблицы `client_subjects`
--

INSERT INTO `client_subjects` (`id`, `name`, `alt_name`, `district_id`, `address`, `lan`, `lng`, `phone`, `email`, `director`, `inn`, `oked`, `nds_number`, `referent_point`, `type_id`, `group_id`, `note`, `created_at`, `updated_at`) VALUES
(1, 'Million dastur oilaviy korxonasi', 'Million dastur OK', 7, 'Qirqyop qishlog\'i', NULL, NULL, '+998999670395', 'milliondastur@gmail.com', 'Allabergenov Dilmurod', '306922184', '', '', 'Billur to\'yxonadan sanatoriyaga qarab ketishda', 2, 1, '', '2022-07-05 20:02:07', '2022-07-05 20:02:07');

-- --------------------------------------------------------

--
-- Структура таблицы `client_types`
--

CREATE TABLE `client_types` (
  `id` int(11) NOT NULL,
  `name` varchar(255) NOT NULL,
  `code` varchar(255) NOT NULL
) ENGINE=InnoDB DEFAULT CHARSET=utf8mb4;

--
-- Дамп данных таблицы `client_types`
--

INSERT INTO `client_types` (`id`, `name`, `code`) VALUES
(1, 'Jismoniy shaxs', 'jismoniy-shaxs'),
(2, 'Yuridik shaxs', 'yuridik-shaxs');

-- --------------------------------------------------------

--
-- Структура таблицы `client_user_connect`
--

CREATE TABLE `client_user_connect` (
  `client_id` bigint(20) NOT NULL,
  `subject_id` bigint(20) NOT NULL,
  `status` int(11) DEFAULT 0
) ENGINE=InnoDB DEFAULT CHARSET=utf8mb4;

-- --------------------------------------------------------

--
-- Структура таблицы `income`
--

CREATE TABLE `income` (
  `id` bigint(20) NOT NULL,
  `supplier_id` bigint(20) UNSIGNED NOT NULL,
  `note` text DEFAULT NULL,
  `warehouse_id` int(11) DEFAULT NULL,
  `status_id` int(11) NOT NULL DEFAULT 0,
  `created_at` timestamp NOT NULL DEFAULT current_timestamp(),
  `updated_at` timestamp NOT NULL DEFAULT current_timestamp() ON UPDATE current_timestamp(),
  `user_id` bigint(20) UNSIGNED NOT NULL
) ENGINE=InnoDB DEFAULT CHARSET=utf8mb4;

-- --------------------------------------------------------

--
-- Структура таблицы `income_products`
--

CREATE TABLE `income_products` (
  `id` bigint(20) NOT NULL,
  `income_id` bigint(20) NOT NULL,
  `product_id` bigint(20) UNSIGNED DEFAULT NULL,
  `serial` varchar(255) DEFAULT NULL,
  `exp_date` date DEFAULT NULL,
  `count` varchar(255) DEFAULT NULL,
  `box` varchar(255) DEFAULT NULL,
  `price` varchar(255) DEFAULT NULL,
  `amout` varchar(255) DEFAULT NULL
) ENGINE=InnoDB DEFAULT CHARSET=utf8mb4;

-- --------------------------------------------------------

--
-- Структура таблицы `income_status`
--

CREATE TABLE `income_status` (
  `id` int(11) NOT NULL,
  `name` varchar(50) NOT NULL DEFAULT ''
) ENGINE=InnoDB DEFAULT CHARSET=utf8mb4;

-- --------------------------------------------------------

--
-- Структура таблицы `loc_district`
--

CREATE TABLE `loc_district` (
  `id` int(11) NOT NULL,
  `name` varchar(255) NOT NULL DEFAULT '',
  `region_id` int(11) NOT NULL
) ENGINE=InnoDB DEFAULT CHARSET=utf8mb4 COMMENT='Tumanlar';

--
-- Дамп данных таблицы `loc_district`
--

INSERT INTO `loc_district` (`id`, `name`, `region_id`) VALUES
(1, 'Урганч тумани', 12),
(2, 'Боғот тумани', 12),
(3, 'Гурлан тумани', 12),
(4, 'Қўшкўпир тумани', 12),
(5, 'Хазорасп тумани', 12),
(6, 'Хива тумани', 12),
(7, 'Хонқа тумани', 12),
(8, 'Шовот тумани', 12),
(9, 'Янгиариқ тумани', 12),
(10, 'Янгибозор тумани', 12),
(11, 'Урганч шахри', 12),
(12, 'Андижон шахри', 1),
(13, 'Андижон тумани', 1),
(14, 'Асака шахри', 1),
(15, 'Асака тумани', 1),
(16, 'Балиқчи тумани', 1),
(17, 'Бўз тумани', 1),
(18, 'Булоқбоши тумани', 1),
(19, 'Избоскан тумани', 1),
(20, 'Жалалқудуқ тумани', 1),
(21, 'Қорасув тумани', 1),
(22, 'Мархамат тумани', 1),
(23, 'Олтинкўл тумани', 1),
(24, 'Пахтаобод тумани', 1),
(25, 'Қўрғонтепа тумани', 1),
(26, 'Шахрихон тумани', 1),
(27, 'Улуғнор тумани', 1),
(28, 'Хонобод тумани', 1),
(29, 'Хўжаобод тумани', 1),
(30, 'Амударё тумани', 14),
(31, 'Беруний тумани', 14),
(32, 'Чимбой тумани', 14),
(33, 'Элликқалъа тумани', 14),
(34, 'Кегейли тумани', 14),
(35, 'Мўйноқ тумани', 14),
(36, 'Нукус шахри', 14),
(37, 'Нукус тумани', 14),
(38, 'Қонликўл тумани', 14),
(39, 'Қораўзак тумани', 14),
(40, 'Қўнғирот тумани', 14),
(41, 'Шуманай тумани', 14),
(42, 'Тахиатош тумани', 14),
(43, 'Тахтакўпир тумани', 14),
(44, 'Тўрткўл тумани', 14),
(45, 'Хўжайли тумани', 14),
(46, 'Бухоро шахри', 2),
(47, 'Бухоро тумани', 2),
(48, 'Ғиждувон тумани', 2),
(49, 'Жондор тумани', 2),
(50, 'Қогон шахри', 2),
(51, 'Когон тумани', 2),
(52, 'Олот тумани', 2),
(53, 'Пешку тумани', 2),
(54, 'Қоракўл тумани', 2),
(55, 'Қоровулбозор тумани', 2),
(56, 'Ромитан тумани', 2),
(57, 'Шофиркон тумани', 2),
(58, 'Вобкент тумани', 2),
(59, 'Кармана тумани', 4),
(60, 'Конимех тумани', 4),
(61, 'Навбахор тумани', 4),
(62, 'Навоий шахри', 4),
(63, 'Навоий тумани', 4),
(64, 'Қизилтепа тумани', 4),
(65, 'Томди тумани', 4),
(66, 'Учқудуқ тумани', 4),
(67, 'Хатирчи тумани', 4),
(68, 'Зарафшон тумани', 4),
(69, 'Булунғур тумани', 6),
(70, 'Иштихон тумани', 6),
(71, 'Жонбой тумани', 6),
(72, 'Каттақўрғон шахри', 6),
(73, 'Kattaqo`rg`on тумани', 6),
(74, 'Нарпай тумани', 6),
(75, 'Нуробод тумани', 6),
(76, 'Оқдарё тумани', 6),
(77, 'Паст-Дарғон тумани', 6),
(78, 'Пахтачи тумани', 6),
(79, 'Пояриқ тумани', 6),
(80, 'Қўшрабод тумани', 6),
(81, 'Самарқанд шахри', 6),
(82, 'Самарқанд тумани', 6),
(83, 'Тойлоқ тумани', 6),
(84, 'Ургут тумани', 6),
(85, 'Арнасой тумани', 3),
(86, 'Бахмал тумани', 3),
(87, 'Дўстлик тумани', 3),
(88, 'Фориш тумани', 3),
(89, 'Ғаллаорол тумани', 3),
(90, 'Жиззах шахри', 3),
(91, 'Жиззах тумани', 3),
(92, 'Мирзачўл тумани', 3),
(93, 'Пахтакор тумани', 3),
(94, 'Янгиобод тумани', 3),
(95, 'Зафаробод тумани', 3),
(96, 'Зарбдор тумани', 3),
(97, 'Зомин тумани', 3),
(98, 'Боёвут тумани', 7),
(99, 'Гулистон шахри', 7),
(100, 'Гулистон тумани', 7),
(101, 'Мирзаобод тумани', 7),
(102, 'Оқолтин тумани', 7),
(103, 'Сардоба тумани', 7),
(104, 'Сайхунобод тумани', 7),
(105, 'Ширин тумани', 7),
(106, 'Сирдарё тумани', 7),
(107, 'Ховос тумани', 7),
(108, 'Янгиер тумани', 7),
(109, 'Бектемир тумани', 9),
(110, 'Чилонзор тумани', 9),
(111, 'Миробод тумани', 9),
(112, 'Мирзо Улуғбек тумани', 9),
(113, 'Шайхонтохур тумани', 9),
(114, 'Сирғали тумани', 9),
(115, 'Олмазор тумани', 9),
(116, 'Уч тепа тумани', 9),
(117, 'Хамза тумани', 9),
(118, 'Яккасарой тумани', 9),
(119, 'Юнусобод тумани', 9),
(120, 'Ангрен тумани', 10),
(121, 'Бекобод шахри', 10),
(122, 'Бекобод тумани', 10),
(123, 'Бўка тумани', 10),
(124, 'Бўстонлиқ тумани', 10),
(125, 'Чиноз тумани', 10),
(126, 'Чирчиқ тумани', 10),
(127, 'Охангарон тумани', 10),
(128, 'Олмалиқ тумани', 10),
(129, 'Оққўрғон тумани', 10),
(130, 'Охангарон тумани', 10),
(131, 'Ўрта чирчиқ тумани', 10),
(132, 'Паркент тумани', 10),
(133, 'Пскент тумани', 10),
(134, 'Қибрай тумани', 10),
(135, 'Қуйи чирчиқ тумани', 10),
(136, 'Тошкент шахри', 10),
(137, 'Янгийўл шахри', 10),
(138, 'Янгийўл тумани', 10),
(139, 'Юқори Чирчиқ тумани', 10),
(140, 'Зангиота тумани', 10),
(141, 'Дехқонобод тумани', 13),
(142, 'Ғузор тумани', 13),
(143, 'Касби тумани', 13),
(144, 'Китоб тумани', 13),
(145, 'Косон тумани', 13),
(146, 'Миришкор тумани', 13),
(147, 'Муборак тумани', 13),
(148, 'Нишон тумани', 13),
(149, 'Қамаши тумани', 13),
(150, 'Қарши шахри', 13),
(151, 'Қарши тумани', 13),
(152, 'Шахрисабз тумани', 13),
(153, 'Яккабоғ тумани', 13),
(154, 'Ангор тумани', 8),
(155, 'Бандихон тумани', 8),
(156, 'Бойсун тумани', 8),
(157, 'Денов тумани', 8),
(158, 'Жарқўрғон тумани', 8),
(159, 'Музрабод тумани', 8),
(160, 'Олтинсой тумани', 8),
(161, 'Қизириқ тумани', 8),
(162, 'Қумқўрғон тумани', 8),
(163, 'Сариосиё тумани', 8),
(164, 'Шеробод тумани', 8),
(165, 'Шўрчи тумани', 8),
(166, 'Термиз шахри', 8),
(167, 'Термиз тумани', 8),
(168, 'Узун тумани', 8),
(169, 'Чортоқ тумани', 5),
(170, 'Чуст тумани', 5),
(171, 'Қосонсой тумани', 5),
(172, 'Мингбулоқ тумани', 5),
(173, 'Наманган шахри', 5),
(174, 'Наманган тумани', 5),
(175, 'Норин тумани', 5),
(176, 'Поп тумани', 5),
(177, 'Тўрақўрғон тумани', 5),
(178, 'Учқўрғон тумани', 5),
(179, 'Уйчи тумани', 5),
(180, 'Янгиқўрғон тумани', 5),
(181, 'Бешариқ тумани', 11),
(182, 'Боғдод тумани', 11),
(183, 'Бувайда тумани', 11),
(184, 'Данғара тумани', 11),
(185, 'Фарғона шахри', 11),
(186, 'Фарғона тумани', 11),
(187, 'Қува тумани', 11),
(188, 'Марғилон тумани', 11),
(189, 'Олтиариқ тумани', 11),
(190, 'Охунбобоев тумани', 11),
(191, 'Ўзбекистон тумани', 11),
(192, 'Қўқон тумани', 11),
(193, 'Қувасой тумани', 11),
(194, 'Риштон тумани', 11),
(195, 'Сух тумани', 11),
(196, 'Тошлоқ тумани', 11),
(197, 'Ёзёвон тумани', 11),
(198, 'Учкўприк тумани', 11),
(199, 'Тупроққалъа тумани', 12),
(200, 'Хива шаҳар', 12);

-- --------------------------------------------------------

--
-- Структура таблицы `loc_region`
--

CREATE TABLE `loc_region` (
  `id` int(11) NOT NULL,
  `name` varchar(255) NOT NULL DEFAULT ''
) ENGINE=InnoDB DEFAULT CHARSET=utf8mb4 COMMENT='Viloyatlar';

--
-- Дамп данных таблицы `loc_region`
--

INSERT INTO `loc_region` (`id`, `name`) VALUES
(1, 'Андижон вилояти'),
(2, 'Бухоро вилояти'),
(3, 'Жиззах вилояти'),
(4, 'Навоий вилояти'),
(5, 'Наманган вилояти'),
(6, 'Самарқанд вилояти'),
(7, 'Сирдарё вилояти'),
(8, 'Сурхондарё вилояти'),
(9, 'Тошкент шахар'),
(10, 'Тошкент вилояти'),
(11, 'Фарғона вилояти'),
(12, 'Хоразм вилояти'),
(13, 'Қашқадарё вилояти'),
(14, 'Қорақалпоғистон Республикаси');

-- --------------------------------------------------------

--
-- Структура таблицы `products`
--

CREATE TABLE `products` (
  `id` bigint(20) UNSIGNED NOT NULL,
  `image` varchar(255) COLLATE utf8mb4_unicode_ci NOT NULL DEFAULT '',
  `serial` varchar(255) COLLATE utf8mb4_unicode_ci DEFAULT NULL,
  `serial_num` bigint(20) DEFAULT 0,
  `name` varchar(255) COLLATE utf8mb4_unicode_ci NOT NULL,
  `price` int(11) NOT NULL,
  `box` int(11) NOT NULL,
  `category_id` bigint(20) UNSIGNED NOT NULL,
  `brand_id` int(11) NOT NULL,
  `note` varchar(255) COLLATE utf8mb4_unicode_ci DEFAULT NULL,
  `code` varchar(255) COLLATE utf8mb4_unicode_ci NOT NULL,
  `bio` varchar(255) COLLATE utf8mb4_unicode_ci DEFAULT NULL,
  `is_sale` int(11) NOT NULL DEFAULT 1,
  `created_at` timestamp NULL DEFAULT current_timestamp(),
  `updated_at` timestamp NULL DEFAULT current_timestamp() ON UPDATE current_timestamp()
) ENGINE=InnoDB DEFAULT CHARSET=utf8mb4 COLLATE=utf8mb4_unicode_ci;

--
-- Дамп данных таблицы `products`
--

INSERT INTO `products` (`id`, `image`, `serial`, `serial_num`, `name`, `price`, `box`, `category_id`, `brand_id`, `note`, `code`, `bio`, `is_sale`, `created_at`, `updated_at`) VALUES
(1, 'default.jpg', '100000000000000', 0, '4324', 234234, 234, 1, 1, '234', '4324', '234', 1, NULL, '2022-07-04 05:53:37');

-- --------------------------------------------------------

--
-- Структура таблицы `product_images`
--

CREATE TABLE `product_images` (
  `product_id` bigint(20) UNSIGNED NOT NULL,
  `image` varchar(255) NOT NULL DEFAULT ''
) ENGINE=InnoDB DEFAULT CHARSET=utf8mb4;

-- --------------------------------------------------------

--
-- Структура таблицы `roles`
--

CREATE TABLE `roles` (
  `id` bigint(20) UNSIGNED NOT NULL,
  `name` varchar(255) COLLATE utf8mb4_unicode_ci NOT NULL,
  `url` varchar(255) COLLATE utf8mb4_unicode_ci NOT NULL
) ENGINE=InnoDB AVG_ROW_LENGTH=5461 DEFAULT CHARSET=utf8mb4 COLLATE=utf8mb4_unicode_ci;

--
-- Дамп данных таблицы `roles`
--

INSERT INTO `roles` (`id`, `name`, `url`) VALUES
(4, 'admin', '/admin/'),
(3, 'Buxgalter', '/bux/'),
(1, 'Kuriyer', '/api/'),
(6, 'Mehmon', '/site/index/'),
(2, 'Omborxona', '/store/'),
(5, 'Superadmin', '/cp/');

-- --------------------------------------------------------

--
-- Структура таблицы `suppliers`
--

CREATE TABLE `suppliers` (
  `id` bigint(20) UNSIGNED NOT NULL,
  `name` varchar(255) COLLATE utf8mb4_unicode_ci NOT NULL,
  `inn` varchar(255) COLLATE utf8mb4_unicode_ci NOT NULL DEFAULT '',
  `oked` varchar(255) COLLATE utf8mb4_unicode_ci DEFAULT NULL,
  `okonx` varchar(255) COLLATE utf8mb4_unicode_ci DEFAULT NULL,
  `address` varchar(255) COLLATE utf8mb4_unicode_ci DEFAULT NULL,
  `phone` varchar(255) COLLATE utf8mb4_unicode_ci NOT NULL DEFAULT '',
  `director` varchar(255) COLLATE utf8mb4_unicode_ci NOT NULL DEFAULT '',
  `buxgalter` varchar(255) COLLATE utf8mb4_unicode_ci DEFAULT NULL,
  `phone_bux` varchar(255) COLLATE utf8mb4_unicode_ci DEFAULT NULL,
  `nds_num` varchar(255) COLLATE utf8mb4_unicode_ci DEFAULT NULL,
  `created_at` datetime DEFAULT current_timestamp(),
  `updated_at` datetime DEFAULT current_timestamp() ON UPDATE current_timestamp()
) ENGINE=InnoDB DEFAULT CHARSET=utf8mb4 COLLATE=utf8mb4_unicode_ci;

--
-- Дамп данных таблицы `suppliers`
--

INSERT INTO `suppliers` (`id`, `name`, `inn`, `oked`, `okonx`, `address`, `phone`, `director`, `buxgalter`, `phone_bux`, `nds_num`, `created_at`, `updated_at`) VALUES
(1, '\"UMDSOFT\" mas’uliyati cheklangan jamiyati', '307203793', '307203793', '', 'IT-park', '+998911347773', 'Umidbek Jumaniyazov', '', '', '', '2022-07-04 11:08:17', '2022-07-04 11:08:17');

-- --------------------------------------------------------

--
-- Структура таблицы `users`
--

CREATE TABLE `users` (
  `id` bigint(20) UNSIGNED NOT NULL,
  `name` varchar(255) COLLATE utf8mb4_unicode_ci NOT NULL,
  `username` varchar(255) COLLATE utf8mb4_unicode_ci NOT NULL,
  `password` varchar(500) COLLATE utf8mb4_unicode_ci NOT NULL,
  `phone` varchar(255) COLLATE utf8mb4_unicode_ci DEFAULT NULL,
  `created` datetime DEFAULT current_timestamp(),
  `updated` datetime DEFAULT current_timestamp() ON UPDATE current_timestamp(),
  `role_id` bigint(20) UNSIGNED DEFAULT NULL,
  `status` int(11) NOT NULL DEFAULT 10,
  `auth_key` varchar(500) COLLATE utf8mb4_unicode_ci DEFAULT NULL,
  `verification_token` varchar(500) COLLATE utf8mb4_unicode_ci DEFAULT NULL,
  `password_reset_token` varchar(500) COLLATE utf8mb4_unicode_ci DEFAULT NULL,
  `branch_id` bigint(20) UNSIGNED NOT NULL
) ENGINE=InnoDB AVG_ROW_LENGTH=8192 DEFAULT CHARSET=utf8mb4 COLLATE=utf8mb4_unicode_ci;

--
-- Дамп данных таблицы `users`
--

INSERT INTO `users` (`id`, `name`, `username`, `password`, `phone`, `created`, `updated`, `role_id`, `status`, `auth_key`, `verification_token`, `password_reset_token`, `branch_id`) VALUES
(3, 'superAdmin', 'super', '1234', NULL, '2022-06-06 17:22:11', '2022-06-06 17:22:11', 4, 1, NULL, NULL, NULL, 1);

-- --------------------------------------------------------

--
-- Структура таблицы `warehouse`
--

CREATE TABLE `warehouse` (
  `id` int(11) NOT NULL,
  `name` varchar(255) NOT NULL DEFAULT '',
  `branch_id` bigint(20) UNSIGNED NOT NULL,
  `is_full` tinyint(1) DEFAULT 0
) ENGINE=InnoDB DEFAULT CHARSET=utf8mb4 COMMENT='skladlar';

--
-- Индексы сохранённых таблиц
--

--
-- Индексы таблицы `bank`
--
ALTER TABLE `bank`
  ADD PRIMARY KEY (`id`),
  ADD UNIQUE KEY `mfo` (`mfo`);

--
-- Индексы таблицы `branches`
--
ALTER TABLE `branches`
  ADD PRIMARY KEY (`id`);

--
-- Индексы таблицы `brand`
--
ALTER TABLE `brand`
  ADD PRIMARY KEY (`id`),
  ADD UNIQUE KEY `name` (`name`),
  ADD UNIQUE KEY `code` (`code`),
  ADD KEY `category_id` (`category_id`);

--
-- Индексы таблицы `categories`
--
ALTER TABLE `categories`
  ADD PRIMARY KEY (`id`);

--
-- Индексы таблицы `clients`
--
ALTER TABLE `clients`
  ADD PRIMARY KEY (`id`);

--
-- Индексы таблицы `client_accounts`
--
ALTER TABLE `client_accounts`
  ADD PRIMARY KEY (`id`),
  ADD KEY `FK_client_accounts_subject_id` (`subject_id`),
  ADD KEY `FK_client_accounts_bank_id` (`bank_id`);

--
-- Индексы таблицы `client_groups`
--
ALTER TABLE `client_groups`
  ADD PRIMARY KEY (`id`),
  ADD UNIQUE KEY `code` (`code`),
  ADD UNIQUE KEY `name` (`name`);

--
-- Индексы таблицы `client_subjects`
--
ALTER TABLE `client_subjects`
  ADD PRIMARY KEY (`id`),
  ADD KEY `FK_client_subjects_district_id` (`district_id`),
  ADD KEY `FK_client_subjects_type_id` (`type_id`),
  ADD KEY `FK_client_subjects_group_id` (`group_id`);

--
-- Индексы таблицы `client_types`
--
ALTER TABLE `client_types`
  ADD PRIMARY KEY (`id`);

--
-- Индексы таблицы `client_user_connect`
--
ALTER TABLE `client_user_connect`
  ADD PRIMARY KEY (`client_id`,`subject_id`),
  ADD KEY `FK_client_user_connect_subject_id` (`subject_id`);

--
-- Индексы таблицы `income`
--
ALTER TABLE `income`
  ADD PRIMARY KEY (`id`),
  ADD KEY `FK_income_user_id` (`user_id`),
  ADD KEY `FK_income_supplier_id` (`supplier_id`),
  ADD KEY `FK_income_status_id` (`status_id`),
  ADD KEY `FK_income_warehouse_id` (`warehouse_id`);

--
-- Индексы таблицы `income_products`
--
ALTER TABLE `income_products`
  ADD PRIMARY KEY (`id`),
  ADD KEY `FK_income_products_product_id` (`product_id`),
  ADD KEY `FK_income_products_income_id` (`income_id`);

--
-- Индексы таблицы `income_status`
--
ALTER TABLE `income_status`
  ADD PRIMARY KEY (`id`);

--
-- Индексы таблицы `loc_district`
--
ALTER TABLE `loc_district`
  ADD PRIMARY KEY (`id`),
  ADD KEY `FK_district_region_id` (`region_id`);

--
-- Индексы таблицы `loc_region`
--
ALTER TABLE `loc_region`
  ADD PRIMARY KEY (`id`);

--
-- Индексы таблицы `products`
--
ALTER TABLE `products`
  ADD PRIMARY KEY (`id`),
  ADD KEY `products_category_id_foreign` (`category_id`),
  ADD KEY `brand_id` (`brand_id`);

--
-- Индексы таблицы `product_images`
--
ALTER TABLE `product_images`
  ADD PRIMARY KEY (`product_id`);

--
-- Индексы таблицы `roles`
--
ALTER TABLE `roles`
  ADD PRIMARY KEY (`id`),
  ADD UNIQUE KEY `roles_name_guard_name_unique` (`name`,`url`);

--
-- Индексы таблицы `suppliers`
--
ALTER TABLE `suppliers`
  ADD PRIMARY KEY (`id`);

--
-- Индексы таблицы `users`
--
ALTER TABLE `users`
  ADD PRIMARY KEY (`id`),
  ADD UNIQUE KEY `username` (`username`),
  ADD KEY `users_sklad_id_foreign` (`role_id`),
  ADD KEY `FK_users_branch_id` (`branch_id`);

--
-- Индексы таблицы `warehouse`
--
ALTER TABLE `warehouse`
  ADD PRIMARY KEY (`id`),
  ADD KEY `FK_warehouse_branch_id` (`branch_id`);

--
-- AUTO_INCREMENT для сохранённых таблиц
--

--
-- AUTO_INCREMENT для таблицы `bank`
--
ALTER TABLE `bank`
  MODIFY `id` int(16) NOT NULL AUTO_INCREMENT, AUTO_INCREMENT=1058;

--
-- AUTO_INCREMENT для таблицы `branches`
--
ALTER TABLE `branches`
  MODIFY `id` bigint(20) UNSIGNED NOT NULL AUTO_INCREMENT, AUTO_INCREMENT=2;

--
-- AUTO_INCREMENT для таблицы `brand`
--
ALTER TABLE `brand`
  MODIFY `id` int(11) NOT NULL AUTO_INCREMENT, AUTO_INCREMENT=2;

--
-- AUTO_INCREMENT для таблицы `categories`
--
ALTER TABLE `categories`
  MODIFY `id` bigint(20) UNSIGNED NOT NULL AUTO_INCREMENT, AUTO_INCREMENT=2;

--
-- AUTO_INCREMENT для таблицы `clients`
--
ALTER TABLE `clients`
  MODIFY `id` bigint(20) NOT NULL AUTO_INCREMENT;

--
-- AUTO_INCREMENT для таблицы `client_accounts`
--
ALTER TABLE `client_accounts`
  MODIFY `id` bigint(20) NOT NULL AUTO_INCREMENT;

--
-- AUTO_INCREMENT для таблицы `client_groups`
--
ALTER TABLE `client_groups`
  MODIFY `id` int(11) NOT NULL AUTO_INCREMENT, AUTO_INCREMENT=2;

--
-- AUTO_INCREMENT для таблицы `client_subjects`
--
ALTER TABLE `client_subjects`
  MODIFY `id` bigint(20) NOT NULL AUTO_INCREMENT, AUTO_INCREMENT=2;

--
-- AUTO_INCREMENT для таблицы `client_types`
--
ALTER TABLE `client_types`
  MODIFY `id` int(11) NOT NULL AUTO_INCREMENT, AUTO_INCREMENT=3;

--
-- AUTO_INCREMENT для таблицы `income`
--
ALTER TABLE `income`
  MODIFY `id` bigint(20) NOT NULL AUTO_INCREMENT;

--
-- AUTO_INCREMENT для таблицы `income_products`
--
ALTER TABLE `income_products`
  MODIFY `id` bigint(20) NOT NULL AUTO_INCREMENT;

--
-- AUTO_INCREMENT для таблицы `income_status`
--
ALTER TABLE `income_status`
  MODIFY `id` int(11) NOT NULL AUTO_INCREMENT;

--
-- AUTO_INCREMENT для таблицы `loc_district`
--
ALTER TABLE `loc_district`
  MODIFY `id` int(11) NOT NULL AUTO_INCREMENT, AUTO_INCREMENT=201;

--
-- AUTO_INCREMENT для таблицы `loc_region`
--
ALTER TABLE `loc_region`
  MODIFY `id` int(11) NOT NULL AUTO_INCREMENT, AUTO_INCREMENT=15;

--
-- AUTO_INCREMENT для таблицы `products`
--
ALTER TABLE `products`
  MODIFY `id` bigint(20) UNSIGNED NOT NULL AUTO_INCREMENT, AUTO_INCREMENT=2;

--
-- AUTO_INCREMENT для таблицы `roles`
--
ALTER TABLE `roles`
  MODIFY `id` bigint(20) UNSIGNED NOT NULL AUTO_INCREMENT, AUTO_INCREMENT=7;

--
-- AUTO_INCREMENT для таблицы `suppliers`
--
ALTER TABLE `suppliers`
  MODIFY `id` bigint(20) UNSIGNED NOT NULL AUTO_INCREMENT, AUTO_INCREMENT=2;

--
-- AUTO_INCREMENT для таблицы `users`
--
ALTER TABLE `users`
  MODIFY `id` bigint(20) UNSIGNED NOT NULL AUTO_INCREMENT, AUTO_INCREMENT=4;

--
-- AUTO_INCREMENT для таблицы `warehouse`
--
ALTER TABLE `warehouse`
  MODIFY `id` int(11) NOT NULL AUTO_INCREMENT;

--
-- Ограничения внешнего ключа сохраненных таблиц
--

--
-- Ограничения внешнего ключа таблицы `brand`
--
ALTER TABLE `brand`
  ADD CONSTRAINT `brand_ibfk_1` FOREIGN KEY (`category_id`) REFERENCES `categories` (`id`) ON DELETE NO ACTION ON UPDATE NO ACTION;

--
-- Ограничения внешнего ключа таблицы `client_accounts`
--
ALTER TABLE `client_accounts`
  ADD CONSTRAINT `FK_client_accounts_bank_id` FOREIGN KEY (`bank_id`) REFERENCES `bank` (`id`) ON DELETE NO ACTION ON UPDATE NO ACTION,
  ADD CONSTRAINT `FK_client_accounts_subject_id` FOREIGN KEY (`subject_id`) REFERENCES `client_subjects` (`id`) ON DELETE NO ACTION ON UPDATE NO ACTION;

--
-- Ограничения внешнего ключа таблицы `client_subjects`
--
ALTER TABLE `client_subjects`
  ADD CONSTRAINT `FK_client_subjects_district_id` FOREIGN KEY (`district_id`) REFERENCES `loc_district` (`id`) ON DELETE NO ACTION ON UPDATE NO ACTION,
  ADD CONSTRAINT `FK_client_subjects_group_id` FOREIGN KEY (`group_id`) REFERENCES `client_groups` (`id`) ON DELETE NO ACTION ON UPDATE NO ACTION,
  ADD CONSTRAINT `FK_client_subjects_type_id` FOREIGN KEY (`type_id`) REFERENCES `client_types` (`id`) ON DELETE NO ACTION ON UPDATE NO ACTION;

--
-- Ограничения внешнего ключа таблицы `client_user_connect`
--
ALTER TABLE `client_user_connect`
  ADD CONSTRAINT `FK_client_user_connect_client_id` FOREIGN KEY (`client_id`) REFERENCES `clients` (`id`) ON DELETE NO ACTION ON UPDATE NO ACTION,
  ADD CONSTRAINT `FK_client_user_connect_subject_id` FOREIGN KEY (`subject_id`) REFERENCES `client_subjects` (`id`) ON DELETE NO ACTION ON UPDATE NO ACTION;

--
-- Ограничения внешнего ключа таблицы `income`
--
ALTER TABLE `income`
  ADD CONSTRAINT `FK_income_status_id` FOREIGN KEY (`status_id`) REFERENCES `income_status` (`id`) ON DELETE NO ACTION ON UPDATE NO ACTION,
  ADD CONSTRAINT `FK_income_supplier_id` FOREIGN KEY (`supplier_id`) REFERENCES `suppliers` (`id`) ON DELETE NO ACTION ON UPDATE NO ACTION,
  ADD CONSTRAINT `FK_income_user_id` FOREIGN KEY (`user_id`) REFERENCES `users` (`id`) ON DELETE NO ACTION ON UPDATE NO ACTION,
  ADD CONSTRAINT `FK_income_warehouse_id` FOREIGN KEY (`warehouse_id`) REFERENCES `warehouse` (`id`) ON DELETE NO ACTION ON UPDATE NO ACTION;

--
-- Ограничения внешнего ключа таблицы `income_products`
--
ALTER TABLE `income_products`
  ADD CONSTRAINT `FK_income_products_income_id` FOREIGN KEY (`income_id`) REFERENCES `income` (`id`) ON DELETE NO ACTION ON UPDATE NO ACTION,
  ADD CONSTRAINT `FK_income_products_product_id` FOREIGN KEY (`product_id`) REFERENCES `products` (`id`) ON DELETE NO ACTION ON UPDATE NO ACTION;

--
-- Ограничения внешнего ключа таблицы `loc_district`
--
ALTER TABLE `loc_district`
  ADD CONSTRAINT `FK_district_region_id` FOREIGN KEY (`region_id`) REFERENCES `loc_region` (`id`) ON DELETE NO ACTION ON UPDATE NO ACTION;

--
-- Ограничения внешнего ключа таблицы `products`
--
ALTER TABLE `products`
  ADD CONSTRAINT `products_category_id_foreign` FOREIGN KEY (`category_id`) REFERENCES `categories` (`id`) ON DELETE CASCADE,
  ADD CONSTRAINT `products_ibfk_1` FOREIGN KEY (`brand_id`) REFERENCES `brand` (`id`) ON DELETE NO ACTION ON UPDATE NO ACTION;

--
-- Ограничения внешнего ключа таблицы `product_images`
--
ALTER TABLE `product_images`
  ADD CONSTRAINT `FK_product_images_product_id` FOREIGN KEY (`product_id`) REFERENCES `products` (`id`) ON DELETE NO ACTION ON UPDATE NO ACTION;

--
-- Ограничения внешнего ключа таблицы `users`
--
ALTER TABLE `users`
  ADD CONSTRAINT `FK_users_branch_id` FOREIGN KEY (`branch_id`) REFERENCES `branches` (`id`) ON DELETE NO ACTION ON UPDATE NO ACTION,
  ADD CONSTRAINT `users_sklad_id_foreign` FOREIGN KEY (`role_id`) REFERENCES `roles` (`id`);

--
-- Ограничения внешнего ключа таблицы `warehouse`
--
ALTER TABLE `warehouse`
  ADD CONSTRAINT `FK_warehouse_branch_id` FOREIGN KEY (`branch_id`) REFERENCES `branches` (`id`) ON DELETE NO ACTION ON UPDATE NO ACTION;
COMMIT;

/*!40101 SET CHARACTER_SET_CLIENT=@OLD_CHARACTER_SET_CLIENT */;
/*!40101 SET CHARACTER_SET_RESULTS=@OLD_CHARACTER_SET_RESULTS */;
/*!40101 SET COLLATION_CONNECTION=@OLD_COLLATION_CONNECTION */;
